Time Stamp,Time Zone,Fuel Category,Gen MWh
05/15/2016 00:05:00,EDT,Dual Fuel,2789.0
05/15/2016 00:05:00,EDT,Natural Gas,1647.0
05/15/2016 00:05:00,EDT,Nuclear,4395.0
05/15/2016 00:05:00,EDT,Other Fossil Fuels,78.0
05/15/2016 00:05:00,EDT,Other Renewables,302.0
05/15/2016 00:05:00,EDT,Wind,809.0
05/15/2016 00:05:00,EDT,Hydro,2657.0
05/15/2016 00:10:00,EDT,Dual Fuel,2822.0
05/15/2016 00:10:00,EDT,Natural Gas,1595.0
05/15/2016 00:10:00,EDT,Nuclear,4393.0
05/15/2016 00:10:00,EDT,Other Fossil Fuels,78.0
05/15/2016 00:10:00,EDT,Other Renewables,296.0
05/15/2016 00:10:00,EDT,Wind,764.0
05/15/2016 00:10:00,EDT,Hydro,2629.0
05/15/2016 00:15:00,EDT,Dual Fuel,2874.0
05/15/2016 00:15:00,EDT,Natural Gas,1556.0
05/15/2016 00:15:00,EDT,Nuclear,4395.0
05/15/2016 00:15:00,EDT,Other Fossil Fuels,78.0
05/15/2016 00:15:00,EDT,Other Renewables,295.0
05/15/2016 00:15:00,EDT,Wind,737.0
05/15/2016 00:15:00,EDT,Hydro,2576.0
05/15/2016 00:20:00,EDT,Dual Fuel,2866.0
05/15/2016 00:20:00,EDT,Natural Gas,1547.0
05/15/2016 00:20:00,EDT,Nuclear,4396.0
05/15/2016 00:20:00,EDT,Other Fossil Fuels,78.0
05/15/2016 00:20:00,EDT,Other Renewables,295.0
05/15/2016 00:20:00,EDT,Wind,734.0
05/15/2016 00:20:00,EDT,Hydro,2519.0
05/15/2016 00:25:00,EDT,Dual Fuel,2771.0
05/15/2016 00:25:00,EDT,Natural Gas,1545.0
05/15/2016 00:25:00,EDT,Nuclear,4392.0
05/15/2016 00:25:00,EDT,Other Fossil Fuels,78.0
05/15/2016 00:25:00,EDT,Other Renewables,290.0
05/15/2016 00:25:00,EDT,Wind,734.0
05/15/2016 00:25:00,EDT,Hydro,2584.0
05/15/2016 00:30:00,EDT,Dual Fuel,2736.0
05/15/2016 00:30:00,EDT,Natural Gas,1551.0
05/15/2016 00:30:00,EDT,Nuclear,4392.0
05/15/2016 00:30:00,EDT,Other Fossil Fuels,78.0
05/15/2016 00:30:00,EDT,Other Renewables,291.0
05/15/2016 00:30:00,EDT,Wind,734.0
05/15/2016 00:30:00,EDT,Hydro,2587.0
05/15/2016 00:35:00,EDT,Dual Fuel,2666.0
05/15/2016 00:35:00,EDT,Natural Gas,1547.0
05/15/2016 00:35:00,EDT,Nuclear,4394.0
05/15/2016 00:35:00,EDT,Other Fossil Fuels,78.0
05/15/2016 00:35:00,EDT,Other Renewables,293.0
05/15/2016 00:35:00,EDT,Wind,744.0
05/15/2016 00:35:00,EDT,Hydro,2587.0
05/15/2016 00:40:00,EDT,Dual Fuel,2594.0
05/15/2016 00:40:00,EDT,Natural Gas,1540.0
05/15/2016 00:40:00,EDT,Nuclear,4394.0
05/15/2016 00:40:00,EDT,Other Fossil Fuels,79.0
05/15/2016 00:40:00,EDT,Other Renewables,291.0
05/15/2016 00:40:00,EDT,Wind,750.0
05/15/2016 00:40:00,EDT,Hydro,2586.0
05/15/2016 00:45:00,EDT,Dual Fuel,2608.0
05/15/2016 00:45:00,EDT,Natural Gas,1539.0
05/15/2016 00:45:00,EDT,Nuclear,4395.0
05/15/2016 00:45:00,EDT,Other Fossil Fuels,78.0
05/15/2016 00:45:00,EDT,Other Renewables,294.0
05/15/2016 00:45:00,EDT,Wind,750.0
05/15/2016 00:45:00,EDT,Hydro,2561.0
05/15/2016 00:50:00,EDT,Dual Fuel,2827.0
05/15/2016 00:50:00,EDT,Natural Gas,1550.0
05/15/2016 00:50:00,EDT,Nuclear,4394.0
05/15/2016 00:50:00,EDT,Other Fossil Fuels,78.0
05/15/2016 00:50:00,EDT,Other Renewables,294.0
05/15/2016 00:50:00,EDT,Wind,752.0
05/15/2016 00:50:00,EDT,Hydro,2451.0
05/15/2016 00:55:00,EDT,Dual Fuel,2897.0
05/15/2016 00:55:00,EDT,Natural Gas,1551.0
05/15/2016 00:55:00,EDT,Nuclear,4393.0
05/15/2016 00:55:00,EDT,Other Fossil Fuels,78.0
05/15/2016 00:55:00,EDT,Other Renewables,296.0
05/15/2016 00:55:00,EDT,Wind,746.0
05/15/2016 00:55:00,EDT,Hydro,2368.0
05/15/2016 01:00:00,EDT,Dual Fuel,2847.0
05/15/2016 01:00:00,EDT,Natural Gas,1547.0
05/15/2016 01:00:00,EDT,Nuclear,4394.0
05/15/2016 01:00:00,EDT,Other Fossil Fuels,78.0
05/15/2016 01:00:00,EDT,Other Renewables,295.0
05/15/2016 01:00:00,EDT,Wind,750.0
05/15/2016 01:00:00,EDT,Hydro,2390.0
05/15/2016 01:05:00,EDT,Dual Fuel,2730.0
05/15/2016 01:05:00,EDT,Natural Gas,1550.0
05/15/2016 01:05:00,EDT,Nuclear,4395.0
05/15/2016 01:05:00,EDT,Other Fossil Fuels,79.0
05/15/2016 01:05:00,EDT,Other Renewables,293.0
05/15/2016 01:05:00,EDT,Wind,780.0
05/15/2016 01:05:00,EDT,Hydro,2467.0
05/15/2016 01:10:00,EDT,Dual Fuel,2659.0
05/15/2016 01:10:00,EDT,Natural Gas,1550.0
05/15/2016 01:10:00,EDT,Nuclear,4398.0
05/15/2016 01:10:00,EDT,Other Fossil Fuels,78.0
05/15/2016 01:10:00,EDT,Other Renewables,297.0
05/15/2016 01:10:00,EDT,Wind,800.0
05/15/2016 01:10:00,EDT,Hydro,2506.0
05/15/2016 01:15:00,EDT,Dual Fuel,2532.0
05/15/2016 01:15:00,EDT,Natural Gas,1546.0
05/15/2016 01:15:00,EDT,Nuclear,4396.0
05/15/2016 01:15:00,EDT,Other Fossil Fuels,78.0
05/15/2016 01:15:00,EDT,Other Renewables,299.0
05/15/2016 01:15:00,EDT,Wind,833.0
05/15/2016 01:15:00,EDT,Hydro,2535.0
05/15/2016 01:20:00,EDT,Dual Fuel,2444.0
05/15/2016 01:20:00,EDT,Natural Gas,1549.0
05/15/2016 01:20:00,EDT,Nuclear,4394.0
05/15/2016 01:20:00,EDT,Other Fossil Fuels,79.0
05/15/2016 01:20:00,EDT,Other Renewables,298.0
05/15/2016 01:20:00,EDT,Wind,838.0
05/15/2016 01:20:00,EDT,Hydro,2622.0
05/15/2016 01:25:00,EDT,Dual Fuel,2411.0
05/15/2016 01:25:00,EDT,Natural Gas,1551.0
05/15/2016 01:25:00,EDT,Nuclear,4396.0
05/15/2016 01:25:00,EDT,Other Fossil Fuels,78.0
05/15/2016 01:25:00,EDT,Other Renewables,296.0
05/15/2016 01:25:00,EDT,Wind,842.0
05/15/2016 01:25:00,EDT,Hydro,2597.0
05/15/2016 01:30:00,EDT,Dual Fuel,2416.0
05/15/2016 01:30:00,EDT,Natural Gas,1550.0
05/15/2016 01:30:00,EDT,Nuclear,4397.0
05/15/2016 01:30:00,EDT,Other Fossil Fuels,79.0
05/15/2016 01:30:00,EDT,Other Renewables,299.0
05/15/2016 01:30:00,EDT,Wind,848.0
05/15/2016 01:30:00,EDT,Hydro,2559.0
05/15/2016 01:35:00,EDT,Dual Fuel,2410.0
05/15/2016 01:35:00,EDT,Natural Gas,1548.0
05/15/2016 01:35:00,EDT,Nuclear,4396.0
05/15/2016 01:35:00,EDT,Other Fossil Fuels,78.0
05/15/2016 01:35:00,EDT,Other Renewables,296.0
05/15/2016 01:35:00,EDT,Wind,846.0
05/15/2016 01:35:00,EDT,Hydro,2546.0
05/15/2016 01:40:00,EDT,Dual Fuel,2431.0
05/15/2016 01:40:00,EDT,Natural Gas,1549.0
05/15/2016 01:40:00,EDT,Nuclear,4397.0
05/15/2016 01:40:00,EDT,Other Fossil Fuels,79.0
05/15/2016 01:40:00,EDT,Other Renewables,300.0
05/15/2016 01:40:00,EDT,Wind,849.0
05/15/2016 01:40:00,EDT,Hydro,2508.0
05/15/2016 01:45:00,EDT,Dual Fuel,2418.0
05/15/2016 01:45:00,EDT,Natural Gas,1549.0
05/15/2016 01:45:00,EDT,Nuclear,4397.0
05/15/2016 01:45:00,EDT,Other Fossil Fuels,79.0
05/15/2016 01:45:00,EDT,Other Renewables,301.0
05/15/2016 01:45:00,EDT,Wind,833.0
05/15/2016 01:45:00,EDT,Hydro,2485.0
05/15/2016 01:50:00,EDT,Dual Fuel,2296.0
05/15/2016 01:50:00,EDT,Natural Gas,1547.0
05/15/2016 01:50:00,EDT,Nuclear,4398.0
05/15/2016 01:50:00,EDT,Other Fossil Fuels,79.0
05/15/2016 01:50:00,EDT,Other Renewables,302.0
05/15/2016 01:50:00,EDT,Wind,816.0
05/15/2016 01:50:00,EDT,Hydro,2469.0
05/15/2016 01:55:00,EDT,Dual Fuel,2282.0
05/15/2016 01:55:00,EDT,Natural Gas,1543.0
05/15/2016 01:55:00,EDT,Nuclear,4397.0
05/15/2016 01:55:00,EDT,Other Fossil Fuels,78.0
05/15/2016 01:55:00,EDT,Other Renewables,297.0
05/15/2016 01:55:00,EDT,Wind,796.0
05/15/2016 01:55:00,EDT,Hydro,2475.0
05/15/2016 02:00:00,EDT,Dual Fuel,2283.0
05/15/2016 02:00:00,EDT,Natural Gas,1533.0
05/15/2016 02:00:00,EDT,Nuclear,4397.0
05/15/2016 02:00:00,EDT,Other Fossil Fuels,79.0
05/15/2016 02:00:00,EDT,Other Renewables,297.0
05/15/2016 02:00:00,EDT,Wind,788.0
05/15/2016 02:00:00,EDT,Hydro,2490.0
05/15/2016 02:05:00,EDT,Dual Fuel,2219.0
05/15/2016 02:05:00,EDT,Natural Gas,1498.0
05/15/2016 02:05:00,EDT,Nuclear,4398.0
05/15/2016 02:05:00,EDT,Other Fossil Fuels,79.0
05/15/2016 02:05:00,EDT,Other Renewables,293.0
05/15/2016 02:05:00,EDT,Wind,782.0
05/15/2016 02:05:00,EDT,Hydro,2584.0
05/15/2016 02:10:00,EDT,Dual Fuel,2165.0
05/15/2016 02:10:00,EDT,Natural Gas,1462.0
05/15/2016 02:10:00,EDT,Nuclear,4398.0
05/15/2016 02:10:00,EDT,Other Fossil Fuels,78.0
05/15/2016 02:10:00,EDT,Other Renewables,297.0
05/15/2016 02:10:00,EDT,Wind,786.0
05/15/2016 02:10:00,EDT,Hydro,2614.0
05/15/2016 02:15:00,EDT,Dual Fuel,2140.0
05/15/2016 02:15:00,EDT,Natural Gas,1437.0
05/15/2016 02:15:00,EDT,Nuclear,4397.0
05/15/2016 02:15:00,EDT,Other Fossil Fuels,79.0
05/15/2016 02:15:00,EDT,Other Renewables,296.0
05/15/2016 02:15:00,EDT,Wind,800.0
05/15/2016 02:15:00,EDT,Hydro,2606.0
05/15/2016 02:20:00,EDT,Dual Fuel,2123.0
05/15/2016 02:20:00,EDT,Natural Gas,1424.0
05/15/2016 02:20:00,EDT,Nuclear,4395.0
05/15/2016 02:20:00,EDT,Other Fossil Fuels,78.0
05/15/2016 02:20:00,EDT,Other Renewables,293.0
05/15/2016 02:20:00,EDT,Wind,821.0
05/15/2016 02:20:00,EDT,Hydro,2617.0
05/15/2016 02:25:00,EDT,Dual Fuel,2132.0
05/15/2016 02:25:00,EDT,Natural Gas,1419.0
05/15/2016 02:25:00,EDT,Nuclear,4396.0
05/15/2016 02:25:00,EDT,Other Fossil Fuels,79.0
05/15/2016 02:25:00,EDT,Other Renewables,289.0
05/15/2016 02:25:00,EDT,Wind,833.0
05/15/2016 02:25:00,EDT,Hydro,2570.0
05/15/2016 02:30:00,EDT,Dual Fuel,2146.0
05/15/2016 02:30:00,EDT,Natural Gas,1419.0
05/15/2016 02:30:00,EDT,Nuclear,4395.0
05/15/2016 02:30:00,EDT,Other Fossil Fuels,78.0
05/15/2016 02:30:00,EDT,Other Renewables,287.0
05/15/2016 02:30:00,EDT,Wind,873.0
05/15/2016 02:30:00,EDT,Hydro,2512.0
05/15/2016 02:35:00,EDT,Dual Fuel,2117.0
05/15/2016 02:35:00,EDT,Natural Gas,1400.0
05/15/2016 02:35:00,EDT,Nuclear,4399.0
05/15/2016 02:35:00,EDT,Other Fossil Fuels,78.0
05/15/2016 02:35:00,EDT,Other Renewables,285.0
05/15/2016 02:35:00,EDT,Wind,883.0
05/15/2016 02:35:00,EDT,Hydro,2554.0
05/15/2016 02:40:00,EDT,Dual Fuel,2129.0
05/15/2016 02:40:00,EDT,Natural Gas,1428.0
05/15/2016 02:40:00,EDT,Nuclear,4396.0
05/15/2016 02:40:00,EDT,Other Fossil Fuels,78.0
05/15/2016 02:40:00,EDT,Other Renewables,290.0
05/15/2016 02:40:00,EDT,Wind,865.0
05/15/2016 02:40:00,EDT,Hydro,2551.0
05/15/2016 02:45:00,EDT,Dual Fuel,2113.0
05/15/2016 02:45:00,EDT,Natural Gas,1472.0
05/15/2016 02:45:00,EDT,Nuclear,4397.0
05/15/2016 02:45:00,EDT,Other Fossil Fuels,78.0
05/15/2016 02:45:00,EDT,Other Renewables,293.0
05/15/2016 02:45:00,EDT,Wind,853.0
05/15/2016 02:45:00,EDT,Hydro,2554.0
05/15/2016 02:50:00,EDT,Dual Fuel,2177.0
05/15/2016 02:50:00,EDT,Natural Gas,1535.0
05/15/2016 02:50:00,EDT,Nuclear,4397.0
05/15/2016 02:50:00,EDT,Other Fossil Fuels,78.0
05/15/2016 02:50:00,EDT,Other Renewables,291.0
05/15/2016 02:50:00,EDT,Wind,834.0
05/15/2016 02:50:00,EDT,Hydro,2543.0
05/15/2016 02:55:00,EDT,Dual Fuel,2209.0
05/15/2016 02:55:00,EDT,Natural Gas,1531.0
05/15/2016 02:55:00,EDT,Nuclear,4398.0
05/15/2016 02:55:00,EDT,Other Fossil Fuels,78.0
05/15/2016 02:55:00,EDT,Other Renewables,297.0
05/15/2016 02:55:00,EDT,Wind,822.0
05/15/2016 02:55:00,EDT,Hydro,2529.0
05/15/2016 03:00:00,EDT,Dual Fuel,2166.0
05/15/2016 03:00:00,EDT,Natural Gas,1522.0
05/15/2016 03:00:00,EDT,Nuclear,4396.0
05/15/2016 03:00:00,EDT,Other Fossil Fuels,78.0
05/15/2016 03:00:00,EDT,Other Renewables,300.0
05/15/2016 03:00:00,EDT,Wind,842.0
05/15/2016 03:00:00,EDT,Hydro,2535.0
05/15/2016 03:05:00,EDT,Dual Fuel,2170.0
05/15/2016 03:05:00,EDT,Natural Gas,1518.0
05/15/2016 03:05:00,EDT,Nuclear,4398.0
05/15/2016 03:05:00,EDT,Other Fossil Fuels,78.0
05/15/2016 03:05:00,EDT,Other Renewables,302.0
05/15/2016 03:05:00,EDT,Wind,863.0
05/15/2016 03:05:00,EDT,Hydro,2512.0
05/15/2016 03:10:00,EDT,Dual Fuel,2190.0
05/15/2016 03:10:00,EDT,Natural Gas,1512.0
05/15/2016 03:10:00,EDT,Nuclear,4397.0
05/15/2016 03:10:00,EDT,Other Fossil Fuels,79.0
05/15/2016 03:10:00,EDT,Other Renewables,306.0
05/15/2016 03:10:00,EDT,Wind,873.0
05/15/2016 03:10:00,EDT,Hydro,2451.0
05/15/2016 03:15:00,EDT,Dual Fuel,2239.0
05/15/2016 03:15:00,EDT,Natural Gas,1508.0
05/15/2016 03:15:00,EDT,Nuclear,4396.0
05/15/2016 03:15:00,EDT,Other Fossil Fuels,78.0
05/15/2016 03:15:00,EDT,Other Renewables,295.0
05/15/2016 03:15:00,EDT,Wind,870.0
05/15/2016 03:15:00,EDT,Hydro,2373.0
05/15/2016 03:20:00,EDT,Dual Fuel,2231.0
05/15/2016 03:20:00,EDT,Natural Gas,1511.0
05/15/2016 03:20:00,EDT,Nuclear,4398.0
05/15/2016 03:20:00,EDT,Other Fossil Fuels,78.0
05/15/2016 03:20:00,EDT,Other Renewables,294.0
05/15/2016 03:20:00,EDT,Wind,876.0
05/15/2016 03:20:00,EDT,Hydro,2378.0
05/15/2016 03:25:00,EDT,Dual Fuel,2229.0
05/15/2016 03:25:00,EDT,Natural Gas,1497.0
05/15/2016 03:25:00,EDT,Nuclear,4397.0
05/15/2016 03:25:00,EDT,Other Fossil Fuels,78.0
05/15/2016 03:25:00,EDT,Other Renewables,296.0
05/15/2016 03:25:00,EDT,Wind,894.0
05/15/2016 03:25:00,EDT,Hydro,2400.0
05/15/2016 03:30:00,EDT,Dual Fuel,2181.0
05/15/2016 03:30:00,EDT,Natural Gas,1489.0
05/15/2016 03:30:00,EDT,Nuclear,4395.0
05/15/2016 03:30:00,EDT,Other Fossil Fuels,78.0
05/15/2016 03:30:00,EDT,Other Renewables,293.0
05/15/2016 03:30:00,EDT,Wind,896.0
05/15/2016 03:30:00,EDT,Hydro,2423.0
05/15/2016 03:35:00,EDT,Dual Fuel,2167.0
05/15/2016 03:35:00,EDT,Natural Gas,1509.0
05/15/2016 03:35:00,EDT,Nuclear,4395.0
05/15/2016 03:35:00,EDT,Other Fossil Fuels,78.0
05/15/2016 03:35:00,EDT,Other Renewables,297.0
05/15/2016 03:35:00,EDT,Wind,907.0
05/15/2016 03:35:00,EDT,Hydro,2397.0
05/15/2016 03:40:00,EDT,Dual Fuel,2175.0
05/15/2016 03:40:00,EDT,Natural Gas,1511.0
05/15/2016 03:40:00,EDT,Nuclear,4396.0
05/15/2016 03:40:00,EDT,Other Fossil Fuels,78.0
05/15/2016 03:40:00,EDT,Other Renewables,298.0
05/15/2016 03:40:00,EDT,Wind,916.0
05/15/2016 03:40:00,EDT,Hydro,2387.0
05/15/2016 03:45:00,EDT,Dual Fuel,2165.0
05/15/2016 03:45:00,EDT,Natural Gas,1506.0
05/15/2016 03:45:00,EDT,Nuclear,4396.0
05/15/2016 03:45:00,EDT,Other Fossil Fuels,78.0
05/15/2016 03:45:00,EDT,Other Renewables,298.0
05/15/2016 03:45:00,EDT,Wind,910.0
05/15/2016 03:45:00,EDT,Hydro,2382.0
05/15/2016 03:50:00,EDT,Dual Fuel,2173.0
05/15/2016 03:50:00,EDT,Natural Gas,1489.0
05/15/2016 03:50:00,EDT,Nuclear,4397.0
05/15/2016 03:50:00,EDT,Other Fossil Fuels,78.0
05/15/2016 03:50:00,EDT,Other Renewables,294.0
05/15/2016 03:50:00,EDT,Wind,919.0
05/15/2016 03:50:00,EDT,Hydro,2414.0
05/15/2016 03:55:00,EDT,Dual Fuel,2121.0
05/15/2016 03:55:00,EDT,Natural Gas,1451.0
05/15/2016 03:55:00,EDT,Nuclear,4397.0
05/15/2016 03:55:00,EDT,Other Fossil Fuels,78.0
05/15/2016 03:55:00,EDT,Other Renewables,298.0
05/15/2016 03:55:00,EDT,Wind,936.0
05/15/2016 03:55:00,EDT,Hydro,2505.0
05/15/2016 04:00:00,EDT,Dual Fuel,2109.0
05/15/2016 04:00:00,EDT,Natural Gas,1413.0
05/15/2016 04:00:00,EDT,Nuclear,4397.0
05/15/2016 04:00:00,EDT,Other Fossil Fuels,78.0
05/15/2016 04:00:00,EDT,Other Renewables,296.0
05/15/2016 04:00:00,EDT,Wind,959.0
05/15/2016 04:00:00,EDT,Hydro,2516.0
05/15/2016 04:05:00,EDT,Dual Fuel,2095.0
05/15/2016 04:05:00,EDT,Natural Gas,1400.0
05/15/2016 04:05:00,EDT,Nuclear,4398.0
05/15/2016 04:05:00,EDT,Other Fossil Fuels,78.0
05/15/2016 04:05:00,EDT,Other Renewables,295.0
05/15/2016 04:05:00,EDT,Wind,1013.0
05/15/2016 04:05:00,EDT,Hydro,2533.0
05/15/2016 04:10:00,EDT,Dual Fuel,2087.0
05/15/2016 04:10:00,EDT,Natural Gas,1439.0
05/15/2016 04:10:00,EDT,Nuclear,4397.0
05/15/2016 04:10:00,EDT,Other Fossil Fuels,78.0
05/15/2016 04:10:00,EDT,Other Renewables,297.0
05/15/2016 04:10:00,EDT,Wind,1069.0
05/15/2016 04:10:00,EDT,Hydro,2483.0
05/15/2016 04:15:00,EDT,Dual Fuel,2065.0
05/15/2016 04:15:00,EDT,Natural Gas,1449.0
05/15/2016 04:15:00,EDT,Nuclear,4397.0
05/15/2016 04:15:00,EDT,Other Fossil Fuels,79.0
05/15/2016 04:15:00,EDT,Other Renewables,299.0
05/15/2016 04:15:00,EDT,Wind,1106.0
05/15/2016 04:15:00,EDT,Hydro,2487.0
05/15/2016 04:20:00,EDT,Dual Fuel,2058.0
05/15/2016 04:20:00,EDT,Natural Gas,1461.0
05/15/2016 04:20:00,EDT,Nuclear,4397.0
05/15/2016 04:20:00,EDT,Other Fossil Fuels,78.0
05/15/2016 04:20:00,EDT,Other Renewables,297.0
05/15/2016 04:20:00,EDT,Wind,1120.0
05/15/2016 04:20:00,EDT,Hydro,2454.0
05/15/2016 04:25:00,EDT,Dual Fuel,2036.0
05/15/2016 04:25:00,EDT,Natural Gas,1454.0
05/15/2016 04:25:00,EDT,Nuclear,4398.0
05/15/2016 04:25:00,EDT,Other Fossil Fuels,79.0
05/15/2016 04:25:00,EDT,Other Renewables,294.0
05/15/2016 04:25:00,EDT,Wind,1110.0
05/15/2016 04:25:00,EDT,Hydro,2450.0
05/15/2016 04:30:00,EDT,Dual Fuel,2039.0
05/15/2016 04:30:00,EDT,Natural Gas,1450.0
05/15/2016 04:30:00,EDT,Nuclear,4399.0
05/15/2016 04:30:00,EDT,Other Fossil Fuels,79.0
05/15/2016 04:30:00,EDT,Other Renewables,293.0
05/15/2016 04:30:00,EDT,Wind,1113.0
05/15/2016 04:30:00,EDT,Hydro,2462.0
05/15/2016 04:35:00,EDT,Dual Fuel,2037.0
05/15/2016 04:35:00,EDT,Natural Gas,1448.0
05/15/2016 04:35:00,EDT,Nuclear,4398.0
05/15/2016 04:35:00,EDT,Other Fossil Fuels,78.0
05/15/2016 04:35:00,EDT,Other Renewables,295.0
05/15/2016 04:35:00,EDT,Wind,1102.0
05/15/2016 04:35:00,EDT,Hydro,2463.0
05/15/2016 04:40:00,EDT,Dual Fuel,2036.0
05/15/2016 04:40:00,EDT,Natural Gas,1438.0
05/15/2016 04:40:00,EDT,Nuclear,4396.0
05/15/2016 04:40:00,EDT,Other Fossil Fuels,78.0
05/15/2016 04:40:00,EDT,Other Renewables,304.0
05/15/2016 04:40:00,EDT,Wind,1086.0
05/15/2016 04:40:00,EDT,Hydro,2400.0
05/15/2016 04:45:00,EDT,Dual Fuel,2034.0
05/15/2016 04:45:00,EDT,Natural Gas,1416.0
05/15/2016 04:45:00,EDT,Nuclear,4398.0
05/15/2016 04:45:00,EDT,Other Fossil Fuels,79.0
05/15/2016 04:45:00,EDT,Other Renewables,295.0
05/15/2016 04:45:00,EDT,Wind,1075.0
05/15/2016 04:45:00,EDT,Hydro,2384.0
05/15/2016 04:50:00,EDT,Dual Fuel,2039.0
05/15/2016 04:50:00,EDT,Natural Gas,1408.0
05/15/2016 04:50:00,EDT,Nuclear,4398.0
05/15/2016 04:50:00,EDT,Other Fossil Fuels,79.0
05/15/2016 04:50:00,EDT,Other Renewables,299.0
05/15/2016 04:50:00,EDT,Wind,1038.0
05/15/2016 04:50:00,EDT,Hydro,2465.0
05/15/2016 04:55:00,EDT,Dual Fuel,2044.0
05/15/2016 04:55:00,EDT,Natural Gas,1426.0
05/15/2016 04:55:00,EDT,Nuclear,4396.0
05/15/2016 04:55:00,EDT,Other Fossil Fuels,78.0
05/15/2016 04:55:00,EDT,Other Renewables,299.0
05/15/2016 04:55:00,EDT,Wind,1022.0
05/15/2016 04:55:00,EDT,Hydro,2534.0
05/15/2016 05:00:00,EDT,Dual Fuel,2042.0
05/15/2016 05:00:00,EDT,Natural Gas,1420.0
05/15/2016 05:00:00,EDT,Nuclear,4396.0
05/15/2016 05:00:00,EDT,Other Fossil Fuels,78.0
05/15/2016 05:00:00,EDT,Other Renewables,296.0
05/15/2016 05:00:00,EDT,Wind,1022.0
05/15/2016 05:00:00,EDT,Hydro,2575.0
05/15/2016 05:05:00,EDT,Dual Fuel,2062.0
05/15/2016 05:05:00,EDT,Natural Gas,1416.0
05/15/2016 05:05:00,EDT,Nuclear,4399.0
05/15/2016 05:05:00,EDT,Other Fossil Fuels,78.0
05/15/2016 05:05:00,EDT,Other Renewables,302.0
05/15/2016 05:05:00,EDT,Wind,1045.0
05/15/2016 05:05:00,EDT,Hydro,2546.0
05/15/2016 05:10:00,EDT,Dual Fuel,2076.0
05/15/2016 05:10:00,EDT,Natural Gas,1412.0
05/15/2016 05:10:00,EDT,Nuclear,4397.0
05/15/2016 05:10:00,EDT,Other Fossil Fuels,78.0
05/15/2016 05:10:00,EDT,Other Renewables,300.0
05/15/2016 05:10:00,EDT,Wind,1077.0
05/15/2016 05:10:00,EDT,Hydro,2535.0
05/15/2016 05:15:00,EDT,Dual Fuel,2068.0
05/15/2016 05:15:00,EDT,Natural Gas,1430.0
05/15/2016 05:15:00,EDT,Nuclear,4400.0
05/15/2016 05:15:00,EDT,Other Fossil Fuels,78.0
05/15/2016 05:15:00,EDT,Other Renewables,297.0
05/15/2016 05:15:00,EDT,Wind,1100.0
05/15/2016 05:15:00,EDT,Hydro,2578.0
05/15/2016 05:20:00,EDT,Dual Fuel,2091.0
05/15/2016 05:20:00,EDT,Natural Gas,1501.0
05/15/2016 05:20:00,EDT,Nuclear,4398.0
05/15/2016 05:20:00,EDT,Other Fossil Fuels,78.0
05/15/2016 05:20:00,EDT,Other Renewables,303.0
05/15/2016 05:20:00,EDT,Wind,1124.0
05/15/2016 05:20:00,EDT,Hydro,2545.0
05/15/2016 05:25:00,EDT,Dual Fuel,2077.0
05/15/2016 05:25:00,EDT,Natural Gas,1591.0
05/15/2016 05:25:00,EDT,Nuclear,4398.0
05/15/2016 05:25:00,EDT,Other Fossil Fuels,78.0
05/15/2016 05:25:00,EDT,Other Renewables,299.0
05/15/2016 05:25:00,EDT,Wind,1139.0
05/15/2016 05:25:00,EDT,Hydro,2512.0
05/15/2016 05:30:00,EDT,Dual Fuel,2100.0
05/15/2016 05:30:00,EDT,Natural Gas,1598.0
05/15/2016 05:30:00,EDT,Nuclear,4398.0
05/15/2016 05:30:00,EDT,Other Fossil Fuels,78.0
05/15/2016 05:30:00,EDT,Other Renewables,299.0
05/15/2016 05:30:00,EDT,Wind,1157.0
05/15/2016 05:30:00,EDT,Hydro,2477.0
05/15/2016 05:35:00,EDT,Dual Fuel,2058.0
05/15/2016 05:35:00,EDT,Natural Gas,1529.0
05/15/2016 05:35:00,EDT,Nuclear,4397.0
05/15/2016 05:35:00,EDT,Other Fossil Fuels,78.0
05/15/2016 05:35:00,EDT,Other Renewables,299.0
05/15/2016 05:35:00,EDT,Wind,1152.0
05/15/2016 05:35:00,EDT,Hydro,2406.0
05/15/2016 05:40:00,EDT,Dual Fuel,2058.0
05/15/2016 05:40:00,EDT,Natural Gas,1478.0
05/15/2016 05:40:00,EDT,Nuclear,4398.0
05/15/2016 05:40:00,EDT,Other Fossil Fuels,79.0
05/15/2016 05:40:00,EDT,Other Renewables,297.0
05/15/2016 05:40:00,EDT,Wind,1160.0
05/15/2016 05:40:00,EDT,Hydro,2388.0
05/15/2016 05:45:00,EDT,Dual Fuel,2051.0
05/15/2016 05:45:00,EDT,Natural Gas,1485.0
05/15/2016 05:45:00,EDT,Nuclear,4398.0
05/15/2016 05:45:00,EDT,Other Fossil Fuels,78.0
05/15/2016 05:45:00,EDT,Other Renewables,294.0
05/15/2016 05:45:00,EDT,Wind,1153.0
05/15/2016 05:45:00,EDT,Hydro,2338.0
05/15/2016 05:50:00,EDT,Dual Fuel,2045.0
05/15/2016 05:50:00,EDT,Natural Gas,1492.0
05/15/2016 05:50:00,EDT,Nuclear,4396.0
05/15/2016 05:50:00,EDT,Other Fossil Fuels,78.0
05/15/2016 05:50:00,EDT,Other Renewables,297.0
05/15/2016 05:50:00,EDT,Wind,1176.0
05/15/2016 05:50:00,EDT,Hydro,2260.0
05/15/2016 05:55:00,EDT,Dual Fuel,2039.0
05/15/2016 05:55:00,EDT,Natural Gas,1552.0
05/15/2016 05:55:00,EDT,Nuclear,4399.0
05/15/2016 05:55:00,EDT,Other Fossil Fuels,78.0
05/15/2016 05:55:00,EDT,Other Renewables,300.0
05/15/2016 05:55:00,EDT,Wind,1178.0
05/15/2016 05:55:00,EDT,Hydro,2199.0
05/15/2016 06:00:00,EDT,Dual Fuel,2052.0
05/15/2016 06:00:00,EDT,Natural Gas,1593.0
05/15/2016 06:00:00,EDT,Nuclear,4398.0
05/15/2016 06:00:00,EDT,Other Fossil Fuels,78.0
05/15/2016 06:00:00,EDT,Other Renewables,301.0
05/15/2016 06:00:00,EDT,Wind,1176.0
05/15/2016 06:00:00,EDT,Hydro,2212.0
05/15/2016 06:05:00,EDT,Dual Fuel,2071.0
05/15/2016 06:05:00,EDT,Natural Gas,1621.0
05/15/2016 06:05:00,EDT,Nuclear,4398.0
05/15/2016 06:05:00,EDT,Other Fossil Fuels,78.0
05/15/2016 06:05:00,EDT,Other Renewables,301.0
05/15/2016 06:05:00,EDT,Wind,1194.0
05/15/2016 06:05:00,EDT,Hydro,2309.0
05/15/2016 06:10:00,EDT,Dual Fuel,2081.0
05/15/2016 06:10:00,EDT,Natural Gas,1616.0
05/15/2016 06:10:00,EDT,Nuclear,4398.0
05/15/2016 06:10:00,EDT,Other Fossil Fuels,78.0
05/15/2016 06:10:00,EDT,Other Renewables,302.0
05/15/2016 06:10:00,EDT,Wind,1197.0
05/15/2016 06:10:00,EDT,Hydro,2299.0
05/15/2016 06:15:00,EDT,Dual Fuel,2097.0
05/15/2016 06:15:00,EDT,Natural Gas,1607.0
05/15/2016 06:15:00,EDT,Nuclear,4399.0
05/15/2016 06:15:00,EDT,Other Fossil Fuels,78.0
05/15/2016 06:15:00,EDT,Other Renewables,299.0
05/15/2016 06:15:00,EDT,Wind,1217.0
05/15/2016 06:15:00,EDT,Hydro,2403.0
05/15/2016 06:20:00,EDT,Dual Fuel,2157.0
05/15/2016 06:20:00,EDT,Natural Gas,1612.0
05/15/2016 06:20:00,EDT,Nuclear,4399.0
05/15/2016 06:20:00,EDT,Other Fossil Fuels,79.0
05/15/2016 06:20:00,EDT,Other Renewables,299.0
05/15/2016 06:20:00,EDT,Wind,1210.0
05/15/2016 06:20:00,EDT,Hydro,2461.0
05/15/2016 06:25:00,EDT,Dual Fuel,2173.0
05/15/2016 06:25:00,EDT,Natural Gas,1742.0
05/15/2016 06:25:00,EDT,Nuclear,4400.0
05/15/2016 06:25:00,EDT,Other Fossil Fuels,79.0
05/15/2016 06:25:00,EDT,Other Renewables,303.0
05/15/2016 06:25:00,EDT,Wind,1207.0
05/15/2016 06:25:00,EDT,Hydro,2490.0
05/15/2016 06:30:00,EDT,Dual Fuel,2149.0
05/15/2016 06:30:00,EDT,Natural Gas,1739.0
05/15/2016 06:30:00,EDT,Nuclear,4398.0
05/15/2016 06:30:00,EDT,Other Fossil Fuels,78.0
05/15/2016 06:30:00,EDT,Other Renewables,301.0
05/15/2016 06:30:00,EDT,Wind,1207.0
05/15/2016 06:30:00,EDT,Hydro,2488.0
05/15/2016 06:35:00,EDT,Dual Fuel,2179.0
05/15/2016 06:35:00,EDT,Natural Gas,1812.0
05/15/2016 06:35:00,EDT,Nuclear,4398.0
05/15/2016 06:35:00,EDT,Other Fossil Fuels,79.0
05/15/2016 06:35:00,EDT,Other Renewables,302.0
05/15/2016 06:35:00,EDT,Wind,1225.0
05/15/2016 06:35:00,EDT,Hydro,2528.0
05/15/2016 06:40:00,EDT,Dual Fuel,2284.0
05/15/2016 06:40:00,EDT,Natural Gas,1776.0
05/15/2016 06:40:00,EDT,Nuclear,4399.0
05/15/2016 06:40:00,EDT,Other Fossil Fuels,79.0
05/15/2016 06:40:00,EDT,Other Renewables,306.0
05/15/2016 06:40:00,EDT,Wind,1253.0
05/15/2016 06:40:00,EDT,Hydro,2639.0
05/15/2016 06:45:00,EDT,Dual Fuel,2306.0
05/15/2016 06:45:00,EDT,Natural Gas,1777.0
05/15/2016 06:45:00,EDT,Nuclear,4397.0
05/15/2016 06:45:00,EDT,Other Fossil Fuels,78.0
05/15/2016 06:45:00,EDT,Other Renewables,310.0
05/15/2016 06:45:00,EDT,Wind,1260.0
05/15/2016 06:45:00,EDT,Hydro,2616.0
05/15/2016 06:48:49,EDT,Dual Fuel,2323.0
05/15/2016 06:48:49,EDT,Natural Gas,1796.0
05/15/2016 06:48:49,EDT,Nuclear,4398.0
05/15/2016 06:48:49,EDT,Other Fossil Fuels,79.0
05/15/2016 06:48:49,EDT,Other Renewables,309.0
05/15/2016 06:48:49,EDT,Wind,1257.0
05/15/2016 06:48:49,EDT,Hydro,2576.0
05/15/2016 06:50:00,EDT,Dual Fuel,2344.0
05/15/2016 06:50:00,EDT,Natural Gas,1834.0
05/15/2016 06:50:00,EDT,Nuclear,4397.0
05/15/2016 06:50:00,EDT,Other Fossil Fuels,78.0
05/15/2016 06:50:00,EDT,Other Renewables,306.0
05/15/2016 06:50:00,EDT,Wind,1263.0
05/15/2016 06:50:00,EDT,Hydro,2500.0
05/15/2016 06:50:31,EDT,Dual Fuel,2350.0
05/15/2016 06:50:31,EDT,Natural Gas,1841.0
05/15/2016 06:50:31,EDT,Nuclear,4399.0
05/15/2016 06:50:31,EDT,Other Fossil Fuels,79.0
05/15/2016 06:50:31,EDT,Other Renewables,304.0
05/15/2016 06:50:31,EDT,Wind,1266.0
05/15/2016 06:50:31,EDT,Hydro,2499.0
05/15/2016 06:55:00,EDT,Dual Fuel,2300.0
05/15/2016 06:55:00,EDT,Natural Gas,1865.0
05/15/2016 06:55:00,EDT,Nuclear,4398.0
05/15/2016 06:55:00,EDT,Other Fossil Fuels,78.0
05/15/2016 06:55:00,EDT,Other Renewables,299.0
05/15/2016 06:55:00,EDT,Wind,1281.0
05/15/2016 06:55:00,EDT,Hydro,2401.0
05/15/2016 07:00:00,EDT,Dual Fuel,2400.0
05/15/2016 07:00:00,EDT,Natural Gas,1889.0
05/15/2016 07:00:00,EDT,Nuclear,4399.0
05/15/2016 07:00:00,EDT,Other Fossil Fuels,78.0
05/15/2016 07:00:00,EDT,Other Renewables,300.0
05/15/2016 07:00:00,EDT,Wind,1311.0
05/15/2016 07:00:00,EDT,Hydro,2382.0
05/15/2016 07:05:00,EDT,Dual Fuel,2565.0
05/15/2016 07:05:00,EDT,Natural Gas,1901.0
05/15/2016 07:05:00,EDT,Nuclear,4398.0
05/15/2016 07:05:00,EDT,Other Fossil Fuels,79.0
05/15/2016 07:05:00,EDT,Other Renewables,298.0
05/15/2016 07:05:00,EDT,Wind,1308.0
05/15/2016 07:05:00,EDT,Hydro,2381.0
05/15/2016 07:10:00,EDT,Dual Fuel,2626.0
05/15/2016 07:10:00,EDT,Natural Gas,1925.0
05/15/2016 07:10:00,EDT,Nuclear,4399.0
05/15/2016 07:10:00,EDT,Other Fossil Fuels,79.0
05/15/2016 07:10:00,EDT,Other Renewables,300.0
05/15/2016 07:10:00,EDT,Wind,1298.0
05/15/2016 07:10:00,EDT,Hydro,2243.0
05/15/2016 07:15:00,EDT,Dual Fuel,2547.0
05/15/2016 07:15:00,EDT,Natural Gas,1936.0
05/15/2016 07:15:00,EDT,Nuclear,4398.0
05/15/2016 07:15:00,EDT,Other Fossil Fuels,78.0
05/15/2016 07:15:00,EDT,Other Renewables,299.0
05/15/2016 07:15:00,EDT,Wind,1281.0
05/15/2016 07:15:00,EDT,Hydro,2322.0
05/15/2016 07:20:00,EDT,Dual Fuel,2416.0
05/15/2016 07:20:00,EDT,Natural Gas,1914.0
05/15/2016 07:20:00,EDT,Nuclear,4399.0
05/15/2016 07:20:00,EDT,Other Fossil Fuels,79.0
05/15/2016 07:20:00,EDT,Other Renewables,303.0
05/15/2016 07:20:00,EDT,Wind,1277.0
05/15/2016 07:20:00,EDT,Hydro,2486.0
05/15/2016 07:25:00,EDT,Dual Fuel,2418.0
05/15/2016 07:25:00,EDT,Natural Gas,1886.0
05/15/2016 07:25:00,EDT,Nuclear,4396.0
05/15/2016 07:25:00,EDT,Other Fossil Fuels,78.0
05/15/2016 07:25:00,EDT,Other Renewables,303.0
05/15/2016 07:25:00,EDT,Wind,1275.0
05/15/2016 07:25:00,EDT,Hydro,2605.0
05/15/2016 07:30:00,EDT,Dual Fuel,2377.0
05/15/2016 07:30:00,EDT,Natural Gas,1840.0
05/15/2016 07:30:00,EDT,Nuclear,4399.0
05/15/2016 07:30:00,EDT,Other Fossil Fuels,79.0
05/15/2016 07:30:00,EDT,Other Renewables,303.0
05/15/2016 07:30:00,EDT,Wind,1280.0
05/15/2016 07:30:00,EDT,Hydro,2715.0
05/15/2016 07:35:00,EDT,Dual Fuel,2306.0
05/15/2016 07:35:00,EDT,Natural Gas,1828.0
05/15/2016 07:35:00,EDT,Nuclear,4396.0
05/15/2016 07:35:00,EDT,Other Fossil Fuels,78.0
05/15/2016 07:35:00,EDT,Other Renewables,302.0
05/15/2016 07:35:00,EDT,Wind,1257.0
05/15/2016 07:35:00,EDT,Hydro,2803.0
05/15/2016 07:40:00,EDT,Dual Fuel,2290.0
05/15/2016 07:40:00,EDT,Natural Gas,1799.0
05/15/2016 07:40:00,EDT,Nuclear,4395.0
05/15/2016 07:40:00,EDT,Other Fossil Fuels,79.0
05/15/2016 07:40:00,EDT,Other Renewables,304.0
05/15/2016 07:40:00,EDT,Wind,1281.0
05/15/2016 07:40:00,EDT,Hydro,2860.0
05/15/2016 07:45:00,EDT,Dual Fuel,2286.0
05/15/2016 07:45:00,EDT,Natural Gas,1839.0
05/15/2016 07:45:00,EDT,Nuclear,4398.0
05/15/2016 07:45:00,EDT,Other Fossil Fuels,78.0
05/15/2016 07:45:00,EDT,Other Renewables,304.0
05/15/2016 07:45:00,EDT,Wind,1312.0
05/15/2016 07:45:00,EDT,Hydro,2913.0
05/15/2016 07:50:00,EDT,Dual Fuel,2287.0
05/15/2016 07:50:00,EDT,Natural Gas,1904.0
05/15/2016 07:50:00,EDT,Nuclear,4397.0
05/15/2016 07:50:00,EDT,Other Fossil Fuels,78.0
05/15/2016 07:50:00,EDT,Other Renewables,308.0
05/15/2016 07:50:00,EDT,Wind,1301.0
05/15/2016 07:50:00,EDT,Hydro,3001.0
05/15/2016 07:55:00,EDT,Dual Fuel,2287.0
05/15/2016 07:55:00,EDT,Natural Gas,1908.0
05/15/2016 07:55:00,EDT,Nuclear,4398.0
05/15/2016 07:55:00,EDT,Other Fossil Fuels,78.0
05/15/2016 07:55:00,EDT,Other Renewables,304.0
05/15/2016 07:55:00,EDT,Wind,1292.0
05/15/2016 07:55:00,EDT,Hydro,3050.0
05/15/2016 08:00:00,EDT,Dual Fuel,2324.0
05/15/2016 08:00:00,EDT,Natural Gas,1935.0
05/15/2016 08:00:00,EDT,Nuclear,4398.0
05/15/2016 08:00:00,EDT,Other Fossil Fuels,78.0
05/15/2016 08:00:00,EDT,Other Renewables,306.0
05/15/2016 08:00:00,EDT,Wind,1284.0
05/15/2016 08:00:00,EDT,Hydro,3105.0
05/15/2016 08:05:00,EDT,Dual Fuel,2364.0
05/15/2016 08:05:00,EDT,Natural Gas,1952.0
05/15/2016 08:05:00,EDT,Nuclear,4396.0
05/15/2016 08:05:00,EDT,Other Fossil Fuels,79.0
05/15/2016 08:05:00,EDT,Other Renewables,306.0
05/15/2016 08:05:00,EDT,Wind,1285.0
05/15/2016 08:05:00,EDT,Hydro,3116.0
05/15/2016 08:10:00,EDT,Dual Fuel,2387.0
05/15/2016 08:10:00,EDT,Natural Gas,1951.0
05/15/2016 08:10:00,EDT,Nuclear,4396.0
05/15/2016 08:10:00,EDT,Other Fossil Fuels,78.0
05/15/2016 08:10:00,EDT,Other Renewables,310.0
05/15/2016 08:10:00,EDT,Wind,1290.0
05/15/2016 08:10:00,EDT,Hydro,3122.0
05/15/2016 08:15:00,EDT,Dual Fuel,2404.0
05/15/2016 08:15:00,EDT,Natural Gas,1947.0
05/15/2016 08:15:00,EDT,Nuclear,4397.0
05/15/2016 08:15:00,EDT,Other Fossil Fuels,78.0
05/15/2016 08:15:00,EDT,Other Renewables,309.0
05/15/2016 08:15:00,EDT,Wind,1285.0
05/15/2016 08:15:00,EDT,Hydro,3118.0
05/15/2016 08:20:00,EDT,Dual Fuel,2455.0
05/15/2016 08:20:00,EDT,Natural Gas,1954.0
05/15/2016 08:20:00,EDT,Nuclear,4396.0
05/15/2016 08:20:00,EDT,Other Fossil Fuels,79.0
05/15/2016 08:20:00,EDT,Other Renewables,312.0
05/15/2016 08:20:00,EDT,Wind,1307.0
05/15/2016 08:20:00,EDT,Hydro,3162.0
05/15/2016 08:25:00,EDT,Dual Fuel,2472.0
05/15/2016 08:25:00,EDT,Natural Gas,1956.0
05/15/2016 08:25:00,EDT,Nuclear,4398.0
05/15/2016 08:25:00,EDT,Other Fossil Fuels,79.0
05/15/2016 08:25:00,EDT,Other Renewables,308.0
05/15/2016 08:25:00,EDT,Wind,1311.0
05/15/2016 08:25:00,EDT,Hydro,3208.0
05/15/2016 08:30:00,EDT,Dual Fuel,2488.0
05/15/2016 08:30:00,EDT,Natural Gas,1960.0
05/15/2016 08:30:00,EDT,Nuclear,4397.0
05/15/2016 08:30:00,EDT,Other Fossil Fuels,78.0
05/15/2016 08:30:00,EDT,Other Renewables,308.0
05/15/2016 08:30:00,EDT,Wind,1294.0
05/15/2016 08:30:00,EDT,Hydro,3226.0
05/15/2016 08:35:00,EDT,Dual Fuel,2514.0
05/15/2016 08:35:00,EDT,Natural Gas,1967.0
05/15/2016 08:35:00,EDT,Nuclear,4396.0
05/15/2016 08:35:00,EDT,Other Fossil Fuels,78.0
05/15/2016 08:35:00,EDT,Other Renewables,311.0
05/15/2016 08:35:00,EDT,Wind,1306.0
05/15/2016 08:35:00,EDT,Hydro,3236.0
05/15/2016 08:40:00,EDT,Dual Fuel,2514.0
05/15/2016 08:40:00,EDT,Natural Gas,1978.0
05/15/2016 08:40:00,EDT,Nuclear,4397.0
05/15/2016 08:40:00,EDT,Other Fossil Fuels,78.0
05/15/2016 08:40:00,EDT,Other Renewables,310.0
05/15/2016 08:40:00,EDT,Wind,1299.0
05/15/2016 08:40:00,EDT,Hydro,3288.0
05/15/2016 08:45:00,EDT,Dual Fuel,2521.0
05/15/2016 08:45:00,EDT,Natural Gas,2001.0
05/15/2016 08:45:00,EDT,Nuclear,4396.0
05/15/2016 08:45:00,EDT,Other Fossil Fuels,78.0
05/15/2016 08:45:00,EDT,Other Renewables,309.0
05/15/2016 08:45:00,EDT,Wind,1295.0
05/15/2016 08:45:00,EDT,Hydro,3308.0
05/15/2016 08:50:00,EDT,Dual Fuel,2598.0
05/15/2016 08:50:00,EDT,Natural Gas,1998.0
05/15/2016 08:50:00,EDT,Nuclear,4394.0
05/15/2016 08:50:00,EDT,Other Fossil Fuels,78.0
05/15/2016 08:50:00,EDT,Other Renewables,312.0
05/15/2016 08:50:00,EDT,Wind,1303.0
05/15/2016 08:50:00,EDT,Hydro,3331.0
05/15/2016 08:55:00,EDT,Dual Fuel,2632.0
05/15/2016 08:55:00,EDT,Natural Gas,2021.0
05/15/2016 08:55:00,EDT,Nuclear,4392.0
05/15/2016 08:55:00,EDT,Other Fossil Fuels,78.0
05/15/2016 08:55:00,EDT,Other Renewables,316.0
05/15/2016 08:55:00,EDT,Wind,1317.0
05/15/2016 08:55:00,EDT,Hydro,3324.0
05/15/2016 09:00:00,EDT,Dual Fuel,2653.0
05/15/2016 09:00:00,EDT,Natural Gas,2033.0
05/15/2016 09:00:00,EDT,Nuclear,4393.0
05/15/2016 09:00:00,EDT,Other Fossil Fuels,78.0
05/15/2016 09:00:00,EDT,Other Renewables,315.0
05/15/2016 09:00:00,EDT,Wind,1309.0
05/15/2016 09:00:00,EDT,Hydro,3348.0
05/15/2016 09:05:00,EDT,Dual Fuel,2835.0
05/15/2016 09:05:00,EDT,Natural Gas,2025.0
05/15/2016 09:05:00,EDT,Nuclear,4393.0
05/15/2016 09:05:00,EDT,Other Fossil Fuels,78.0
05/15/2016 09:05:00,EDT,Other Renewables,315.0
05/15/2016 09:05:00,EDT,Wind,1300.0
05/15/2016 09:05:00,EDT,Hydro,3298.0
05/15/2016 09:10:00,EDT,Dual Fuel,2946.0
05/15/2016 09:10:00,EDT,Natural Gas,2028.0
05/15/2016 09:10:00,EDT,Nuclear,4391.0
05/15/2016 09:10:00,EDT,Other Fossil Fuels,78.0
05/15/2016 09:10:00,EDT,Other Renewables,322.0
05/15/2016 09:10:00,EDT,Wind,1301.0
05/15/2016 09:10:00,EDT,Hydro,3329.0
05/15/2016 09:15:00,EDT,Dual Fuel,2981.0
05/15/2016 09:15:00,EDT,Natural Gas,2031.0
05/15/2016 09:15:00,EDT,Nuclear,4391.0
05/15/2016 09:15:00,EDT,Other Fossil Fuels,78.0
05/15/2016 09:15:00,EDT,Other Renewables,321.0
05/15/2016 09:15:00,EDT,Wind,1299.0
05/15/2016 09:15:00,EDT,Hydro,3391.0
05/15/2016 09:20:00,EDT,Dual Fuel,2921.0
05/15/2016 09:20:00,EDT,Natural Gas,2048.0
05/15/2016 09:20:00,EDT,Nuclear,4393.0
05/15/2016 09:20:00,EDT,Other Fossil Fuels,78.0
05/15/2016 09:20:00,EDT,Other Renewables,321.0
05/15/2016 09:20:00,EDT,Wind,1294.0
05/15/2016 09:20:00,EDT,Hydro,3421.0
05/15/2016 09:25:00,EDT,Dual Fuel,2918.0
05/15/2016 09:25:00,EDT,Natural Gas,2055.0
05/15/2016 09:25:00,EDT,Nuclear,4397.0
05/15/2016 09:25:00,EDT,Other Fossil Fuels,79.0
05/15/2016 09:25:00,EDT,Other Renewables,322.0
05/15/2016 09:25:00,EDT,Wind,1292.0
05/15/2016 09:25:00,EDT,Hydro,3464.0
05/15/2016 09:30:00,EDT,Dual Fuel,2934.0
05/15/2016 09:30:00,EDT,Natural Gas,2054.0
05/15/2016 09:30:00,EDT,Nuclear,4395.0
05/15/2016 09:30:00,EDT,Other Fossil Fuels,78.0
05/15/2016 09:30:00,EDT,Other Renewables,318.0
05/15/2016 09:30:00,EDT,Wind,1282.0
05/15/2016 09:30:00,EDT,Hydro,3476.0
05/15/2016 09:35:00,EDT,Dual Fuel,2934.0
05/15/2016 09:35:00,EDT,Natural Gas,2055.0
05/15/2016 09:35:00,EDT,Nuclear,4390.0
05/15/2016 09:35:00,EDT,Other Fossil Fuels,79.0
05/15/2016 09:35:00,EDT,Other Renewables,322.0
05/15/2016 09:35:00,EDT,Wind,1277.0
05/15/2016 09:35:00,EDT,Hydro,3484.0
05/15/2016 09:40:00,EDT,Dual Fuel,2938.0
05/15/2016 09:40:00,EDT,Natural Gas,2069.0
05/15/2016 09:40:00,EDT,Nuclear,4390.0
05/15/2016 09:40:00,EDT,Other Fossil Fuels,78.0
05/15/2016 09:40:00,EDT,Other Renewables,317.0
05/15/2016 09:40:00,EDT,Wind,1306.0
05/15/2016 09:40:00,EDT,Hydro,3514.0
05/15/2016 09:45:00,EDT,Dual Fuel,2961.0
05/15/2016 09:45:00,EDT,Natural Gas,2068.0
05/15/2016 09:45:00,EDT,Nuclear,4388.0
05/15/2016 09:45:00,EDT,Other Fossil Fuels,78.0
05/15/2016 09:45:00,EDT,Other Renewables,320.0
05/15/2016 09:45:00,EDT,Wind,1322.0
05/15/2016 09:45:00,EDT,Hydro,3565.0
05/15/2016 09:50:00,EDT,Dual Fuel,2958.0
05/15/2016 09:50:00,EDT,Natural Gas,2083.0
05/15/2016 09:50:00,EDT,Nuclear,4386.0
05/15/2016 09:50:00,EDT,Other Fossil Fuels,78.0
05/15/2016 09:50:00,EDT,Other Renewables,324.0
05/15/2016 09:50:00,EDT,Wind,1332.0
05/15/2016 09:50:00,EDT,Hydro,3550.0
05/15/2016 09:55:00,EDT,Dual Fuel,2932.0
05/15/2016 09:55:00,EDT,Natural Gas,2113.0
05/15/2016 09:55:00,EDT,Nuclear,4388.0
05/15/2016 09:55:00,EDT,Other Fossil Fuels,78.0
05/15/2016 09:55:00,EDT,Other Renewables,318.0
05/15/2016 09:55:00,EDT,Wind,1330.0
05/15/2016 09:55:00,EDT,Hydro,3569.0
05/15/2016 10:00:00,EDT,Dual Fuel,2847.0
05/15/2016 10:00:00,EDT,Natural Gas,2155.0
05/15/2016 10:00:00,EDT,Nuclear,4389.0
05/15/2016 10:00:00,EDT,Other Fossil Fuels,78.0
05/15/2016 10:00:00,EDT,Other Renewables,325.0
05/15/2016 10:00:00,EDT,Wind,1347.0
05/15/2016 10:00:00,EDT,Hydro,3564.0
05/15/2016 10:05:00,EDT,Dual Fuel,2710.0
05/15/2016 10:05:00,EDT,Natural Gas,2209.0
05/15/2016 10:05:00,EDT,Nuclear,4391.0
05/15/2016 10:05:00,EDT,Other Fossil Fuels,78.0
05/15/2016 10:05:00,EDT,Other Renewables,321.0
05/15/2016 10:05:00,EDT,Wind,1349.0
05/15/2016 10:05:00,EDT,Hydro,3592.0
05/15/2016 10:10:00,EDT,Dual Fuel,2664.0
05/15/2016 10:10:00,EDT,Natural Gas,2212.0
05/15/2016 10:10:00,EDT,Nuclear,4398.0
05/15/2016 10:10:00,EDT,Other Fossil Fuels,79.0
05/15/2016 10:10:00,EDT,Other Renewables,323.0
05/15/2016 10:10:00,EDT,Wind,1348.0
05/15/2016 10:10:00,EDT,Hydro,3598.0
05/15/2016 10:15:00,EDT,Dual Fuel,2637.0
05/15/2016 10:15:00,EDT,Natural Gas,2256.0
05/15/2016 10:15:00,EDT,Nuclear,4395.0
05/15/2016 10:15:00,EDT,Other Fossil Fuels,79.0
05/15/2016 10:15:00,EDT,Other Renewables,323.0
05/15/2016 10:15:00,EDT,Wind,1349.0
05/15/2016 10:15:00,EDT,Hydro,3610.0
05/15/2016 10:20:00,EDT,Dual Fuel,2631.0
05/15/2016 10:20:00,EDT,Natural Gas,2262.0
05/15/2016 10:20:00,EDT,Nuclear,4396.0
05/15/2016 10:20:00,EDT,Other Fossil Fuels,78.0
05/15/2016 10:20:00,EDT,Other Renewables,324.0
05/15/2016 10:20:00,EDT,Wind,1346.0
05/15/2016 10:20:00,EDT,Hydro,3630.0
05/15/2016 10:25:00,EDT,Dual Fuel,2630.0
05/15/2016 10:25:00,EDT,Natural Gas,2272.0
05/15/2016 10:25:00,EDT,Nuclear,4395.0
05/15/2016 10:25:00,EDT,Other Fossil Fuels,78.0
05/15/2016 10:25:00,EDT,Other Renewables,322.0
05/15/2016 10:25:00,EDT,Wind,1342.0
05/15/2016 10:25:00,EDT,Hydro,3606.0
05/15/2016 10:30:00,EDT,Dual Fuel,2643.0
05/15/2016 10:30:00,EDT,Natural Gas,2279.0
05/15/2016 10:30:00,EDT,Nuclear,4397.0
05/15/2016 10:30:00,EDT,Other Fossil Fuels,78.0
05/15/2016 10:30:00,EDT,Other Renewables,319.0
05/15/2016 10:30:00,EDT,Wind,1353.0
05/15/2016 10:30:00,EDT,Hydro,3620.0
05/15/2016 10:35:00,EDT,Dual Fuel,2668.0
05/15/2016 10:35:00,EDT,Natural Gas,2287.0
05/15/2016 10:35:00,EDT,Nuclear,4396.0
05/15/2016 10:35:00,EDT,Other Fossil Fuels,79.0
05/15/2016 10:35:00,EDT,Other Renewables,321.0
05/15/2016 10:35:00,EDT,Wind,1356.0
05/15/2016 10:35:00,EDT,Hydro,3645.0
05/15/2016 10:40:00,EDT,Dual Fuel,2665.0
05/15/2016 10:40:00,EDT,Natural Gas,2292.0
05/15/2016 10:40:00,EDT,Nuclear,4396.0
05/15/2016 10:40:00,EDT,Other Fossil Fuels,78.0
05/15/2016 10:40:00,EDT,Other Renewables,318.0
05/15/2016 10:40:00,EDT,Wind,1352.0
05/15/2016 10:40:00,EDT,Hydro,3635.0
05/15/2016 10:45:00,EDT,Dual Fuel,2661.0
05/15/2016 10:45:00,EDT,Natural Gas,2310.0
05/15/2016 10:45:00,EDT,Nuclear,4396.0
05/15/2016 10:45:00,EDT,Other Fossil Fuels,78.0
05/15/2016 10:45:00,EDT,Other Renewables,320.0
05/15/2016 10:45:00,EDT,Wind,1354.0
05/15/2016 10:45:00,EDT,Hydro,3584.0
05/15/2016 10:50:00,EDT,Dual Fuel,2658.0
05/15/2016 10:50:00,EDT,Natural Gas,2318.0
05/15/2016 10:50:00,EDT,Nuclear,4397.0
05/15/2016 10:50:00,EDT,Other Fossil Fuels,78.0
05/15/2016 10:50:00,EDT,Other Renewables,318.0
05/15/2016 10:50:00,EDT,Wind,1345.0
05/15/2016 10:50:00,EDT,Hydro,3604.0
05/15/2016 10:55:00,EDT,Dual Fuel,2696.0
05/15/2016 10:55:00,EDT,Natural Gas,2319.0
05/15/2016 10:55:00,EDT,Nuclear,4398.0
05/15/2016 10:55:00,EDT,Other Fossil Fuels,78.0
05/15/2016 10:55:00,EDT,Other Renewables,310.0
05/15/2016 10:55:00,EDT,Wind,1338.0
05/15/2016 10:55:00,EDT,Hydro,3562.0
05/15/2016 11:00:00,EDT,Dual Fuel,2657.0
05/15/2016 11:00:00,EDT,Natural Gas,2306.0
05/15/2016 11:00:00,EDT,Nuclear,4397.0
05/15/2016 11:00:00,EDT,Other Fossil Fuels,78.0
05/15/2016 11:00:00,EDT,Other Renewables,315.0
05/15/2016 11:00:00,EDT,Wind,1330.0
05/15/2016 11:00:00,EDT,Hydro,3579.0
05/15/2016 11:05:00,EDT,Dual Fuel,2635.0
05/15/2016 11:05:00,EDT,Natural Gas,2278.0
05/15/2016 11:05:00,EDT,Nuclear,4397.0
05/15/2016 11:05:00,EDT,Other Fossil Fuels,78.0
05/15/2016 11:05:00,EDT,Other Renewables,316.0
05/15/2016 11:05:00,EDT,Wind,1322.0
05/15/2016 11:05:00,EDT,Hydro,3615.0
05/15/2016 11:10:00,EDT,Dual Fuel,2611.0
05/15/2016 11:10:00,EDT,Natural Gas,2263.0
05/15/2016 11:10:00,EDT,Nuclear,4399.0
05/15/2016 11:10:00,EDT,Other Fossil Fuels,79.0
05/15/2016 11:10:00,EDT,Other Renewables,323.0
05/15/2016 11:10:00,EDT,Wind,1323.0
05/15/2016 11:10:00,EDT,Hydro,3645.0
05/15/2016 11:15:00,EDT,Dual Fuel,2625.0
05/15/2016 11:15:00,EDT,Natural Gas,2263.0
05/15/2016 11:15:00,EDT,Nuclear,4397.0
05/15/2016 11:15:00,EDT,Other Fossil Fuels,78.0
05/15/2016 11:15:00,EDT,Other Renewables,316.0
05/15/2016 11:15:00,EDT,Wind,1319.0
05/15/2016 11:15:00,EDT,Hydro,3693.0
05/15/2016 11:20:00,EDT,Dual Fuel,2642.0
05/15/2016 11:20:00,EDT,Natural Gas,2264.0
05/15/2016 11:20:00,EDT,Nuclear,4398.0
05/15/2016 11:20:00,EDT,Other Fossil Fuels,79.0
05/15/2016 11:20:00,EDT,Other Renewables,319.0
05/15/2016 11:20:00,EDT,Wind,1316.0
05/15/2016 11:20:00,EDT,Hydro,3668.0
05/15/2016 11:25:00,EDT,Dual Fuel,2651.0
05/15/2016 11:25:00,EDT,Natural Gas,2264.0
05/15/2016 11:25:00,EDT,Nuclear,4397.0
05/15/2016 11:25:00,EDT,Other Fossil Fuels,78.0
05/15/2016 11:25:00,EDT,Other Renewables,319.0
05/15/2016 11:25:00,EDT,Wind,1327.0
05/15/2016 11:25:00,EDT,Hydro,3650.0
05/15/2016 11:30:00,EDT,Dual Fuel,2628.0
05/15/2016 11:30:00,EDT,Natural Gas,2267.0
05/15/2016 11:30:00,EDT,Nuclear,4395.0
05/15/2016 11:30:00,EDT,Other Fossil Fuels,79.0
05/15/2016 11:30:00,EDT,Other Renewables,322.0
05/15/2016 11:30:00,EDT,Wind,1333.0
05/15/2016 11:30:00,EDT,Hydro,3707.0
05/15/2016 11:35:00,EDT,Dual Fuel,2640.0
05/15/2016 11:35:00,EDT,Natural Gas,2267.0
05/15/2016 11:35:00,EDT,Nuclear,4397.0
05/15/2016 11:35:00,EDT,Other Fossil Fuels,79.0
05/15/2016 11:35:00,EDT,Other Renewables,321.0
05/15/2016 11:35:00,EDT,Wind,1359.0
05/15/2016 11:35:00,EDT,Hydro,3709.0
05/15/2016 11:40:00,EDT,Dual Fuel,2705.0
05/15/2016 11:40:00,EDT,Natural Gas,2267.0
05/15/2016 11:40:00,EDT,Nuclear,4397.0
05/15/2016 11:40:00,EDT,Other Fossil Fuels,78.0
05/15/2016 11:40:00,EDT,Other Renewables,324.0
05/15/2016 11:40:00,EDT,Wind,1381.0
05/15/2016 11:40:00,EDT,Hydro,3704.0
05/15/2016 11:45:00,EDT,Dual Fuel,2705.0
05/15/2016 11:45:00,EDT,Natural Gas,2266.0
05/15/2016 11:45:00,EDT,Nuclear,4396.0
05/15/2016 11:45:00,EDT,Other Fossil Fuels,78.0
05/15/2016 11:45:00,EDT,Other Renewables,326.0
05/15/2016 11:45:00,EDT,Wind,1373.0
05/15/2016 11:45:00,EDT,Hydro,3732.0
05/15/2016 11:50:00,EDT,Dual Fuel,2697.0
05/15/2016 11:50:00,EDT,Natural Gas,2265.0
05/15/2016 11:50:00,EDT,Nuclear,4397.0
05/15/2016 11:50:00,EDT,Other Fossil Fuels,78.0
05/15/2016 11:50:00,EDT,Other Renewables,318.0
05/15/2016 11:50:00,EDT,Wind,1365.0
05/15/2016 11:50:00,EDT,Hydro,3774.0
05/15/2016 11:55:00,EDT,Dual Fuel,2681.0
05/15/2016 11:55:00,EDT,Natural Gas,2267.0
05/15/2016 11:55:00,EDT,Nuclear,4397.0
05/15/2016 11:55:00,EDT,Other Fossil Fuels,79.0
05/15/2016 11:55:00,EDT,Other Renewables,316.0
05/15/2016 11:55:00,EDT,Wind,1361.0
05/15/2016 11:55:00,EDT,Hydro,3841.0
05/15/2016 12:00:00,EDT,Dual Fuel,2753.0
05/15/2016 12:00:00,EDT,Natural Gas,2269.0
05/15/2016 12:00:00,EDT,Nuclear,4397.0
05/15/2016 12:00:00,EDT,Other Fossil Fuels,78.0
05/15/2016 12:00:00,EDT,Other Renewables,327.0
05/15/2016 12:00:00,EDT,Wind,1364.0
05/15/2016 12:00:00,EDT,Hydro,3888.0
05/15/2016 12:05:00,EDT,Dual Fuel,2818.0
05/15/2016 12:05:00,EDT,Natural Gas,2269.0
05/15/2016 12:05:00,EDT,Nuclear,4398.0
05/15/2016 12:05:00,EDT,Other Fossil Fuels,78.0
05/15/2016 12:05:00,EDT,Other Renewables,322.0
05/15/2016 12:05:00,EDT,Wind,1370.0
05/15/2016 12:05:00,EDT,Hydro,3915.0
05/15/2016 12:10:00,EDT,Dual Fuel,2887.0
05/15/2016 12:10:00,EDT,Natural Gas,2278.0
05/15/2016 12:10:00,EDT,Nuclear,4397.0
05/15/2016 12:10:00,EDT,Other Fossil Fuels,79.0
05/15/2016 12:10:00,EDT,Other Renewables,311.0
05/15/2016 12:10:00,EDT,Wind,1350.0
05/15/2016 12:10:00,EDT,Hydro,3969.0
05/15/2016 12:15:00,EDT,Dual Fuel,2923.0
05/15/2016 12:15:00,EDT,Natural Gas,2297.0
05/15/2016 12:15:00,EDT,Nuclear,4395.0
05/15/2016 12:15:00,EDT,Other Fossil Fuels,78.0
05/15/2016 12:15:00,EDT,Other Renewables,326.0
05/15/2016 12:15:00,EDT,Wind,1364.0
05/15/2016 12:15:00,EDT,Hydro,3936.0
05/15/2016 12:20:00,EDT,Dual Fuel,2871.0
05/15/2016 12:20:00,EDT,Natural Gas,2287.0
05/15/2016 12:20:00,EDT,Nuclear,4395.0
05/15/2016 12:20:00,EDT,Other Fossil Fuels,78.0
05/15/2016 12:20:00,EDT,Other Renewables,319.0
05/15/2016 12:20:00,EDT,Wind,1365.0
05/15/2016 12:20:00,EDT,Hydro,3871.0
05/15/2016 12:25:00,EDT,Dual Fuel,2832.0
05/15/2016 12:25:00,EDT,Natural Gas,2249.0
05/15/2016 12:25:00,EDT,Nuclear,4393.0
05/15/2016 12:25:00,EDT,Other Fossil Fuels,78.0
05/15/2016 12:25:00,EDT,Other Renewables,318.0
05/15/2016 12:25:00,EDT,Wind,1380.0
05/15/2016 12:25:00,EDT,Hydro,3940.0
05/15/2016 12:30:00,EDT,Dual Fuel,2847.0
05/15/2016 12:30:00,EDT,Natural Gas,2259.0
05/15/2016 12:30:00,EDT,Nuclear,4398.0
05/15/2016 12:30:00,EDT,Other Fossil Fuels,78.0
05/15/2016 12:30:00,EDT,Other Renewables,320.0
05/15/2016 12:30:00,EDT,Wind,1373.0
05/15/2016 12:30:00,EDT,Hydro,3949.0
05/15/2016 12:35:00,EDT,Dual Fuel,2843.0
05/15/2016 12:35:00,EDT,Natural Gas,2266.0
05/15/2016 12:35:00,EDT,Nuclear,4396.0
05/15/2016 12:35:00,EDT,Other Fossil Fuels,78.0
05/15/2016 12:35:00,EDT,Other Renewables,312.0
05/15/2016 12:35:00,EDT,Wind,1358.0
05/15/2016 12:35:00,EDT,Hydro,3871.0
05/15/2016 12:40:00,EDT,Dual Fuel,2848.0
05/15/2016 12:40:00,EDT,Natural Gas,2272.0
05/15/2016 12:40:00,EDT,Nuclear,4395.0
05/15/2016 12:40:00,EDT,Other Fossil Fuels,79.0
05/15/2016 12:40:00,EDT,Other Renewables,326.0
05/15/2016 12:40:00,EDT,Wind,1363.0
05/15/2016 12:40:00,EDT,Hydro,3815.0
05/15/2016 12:45:00,EDT,Dual Fuel,2794.0
05/15/2016 12:45:00,EDT,Natural Gas,2260.0
05/15/2016 12:45:00,EDT,Nuclear,4395.0
05/15/2016 12:45:00,EDT,Other Fossil Fuels,78.0
05/15/2016 12:45:00,EDT,Other Renewables,328.0
05/15/2016 12:45:00,EDT,Wind,1387.0
05/15/2016 12:45:00,EDT,Hydro,3892.0
05/15/2016 12:50:00,EDT,Dual Fuel,2795.0
05/15/2016 12:50:00,EDT,Natural Gas,2258.0
05/15/2016 12:50:00,EDT,Nuclear,4396.0
05/15/2016 12:50:00,EDT,Other Fossil Fuels,79.0
05/15/2016 12:50:00,EDT,Other Renewables,316.0
05/15/2016 12:50:00,EDT,Wind,1378.0
05/15/2016 12:50:00,EDT,Hydro,3937.0
05/15/2016 12:55:00,EDT,Dual Fuel,2767.0
05/15/2016 12:55:00,EDT,Natural Gas,2256.0
05/15/2016 12:55:00,EDT,Nuclear,4396.0
05/15/2016 12:55:00,EDT,Other Fossil Fuels,78.0
05/15/2016 12:55:00,EDT,Other Renewables,307.0
05/15/2016 12:55:00,EDT,Wind,1368.0
05/15/2016 12:55:00,EDT,Hydro,3975.0
05/15/2016 13:00:00,EDT,Dual Fuel,2773.0
05/15/2016 13:00:00,EDT,Natural Gas,2257.0
05/15/2016 13:00:00,EDT,Nuclear,4394.0
05/15/2016 13:00:00,EDT,Other Fossil Fuels,78.0
05/15/2016 13:00:00,EDT,Other Renewables,306.0
05/15/2016 13:00:00,EDT,Wind,1368.0
05/15/2016 13:00:00,EDT,Hydro,3995.0
05/15/2016 13:05:00,EDT,Dual Fuel,2814.0
05/15/2016 13:05:00,EDT,Natural Gas,2258.0
05/15/2016 13:05:00,EDT,Nuclear,4395.0
05/15/2016 13:05:00,EDT,Other Fossil Fuels,78.0
05/15/2016 13:05:00,EDT,Other Renewables,303.0
05/15/2016 13:05:00,EDT,Wind,1380.0
05/15/2016 13:05:00,EDT,Hydro,3962.0
05/15/2016 13:10:00,EDT,Dual Fuel,2863.0
05/15/2016 13:10:00,EDT,Natural Gas,2256.0
05/15/2016 13:10:00,EDT,Nuclear,4396.0
05/15/2016 13:10:00,EDT,Other Fossil Fuels,79.0
05/15/2016 13:10:00,EDT,Other Renewables,298.0
05/15/2016 13:10:00,EDT,Wind,1374.0
05/15/2016 13:10:00,EDT,Hydro,3959.0
05/15/2016 13:15:00,EDT,Dual Fuel,2877.0
05/15/2016 13:15:00,EDT,Natural Gas,2256.0
05/15/2016 13:15:00,EDT,Nuclear,4397.0
05/15/2016 13:15:00,EDT,Other Fossil Fuels,79.0
05/15/2016 13:15:00,EDT,Other Renewables,301.0
05/15/2016 13:15:00,EDT,Wind,1352.0
05/15/2016 13:15:00,EDT,Hydro,3922.0
05/15/2016 13:20:00,EDT,Dual Fuel,2879.0
05/15/2016 13:20:00,EDT,Natural Gas,2259.0
05/15/2016 13:20:00,EDT,Nuclear,4398.0
05/15/2016 13:20:00,EDT,Other Fossil Fuels,78.0
05/15/2016 13:20:00,EDT,Other Renewables,302.0
05/15/2016 13:20:00,EDT,Wind,1334.0
05/15/2016 13:20:00,EDT,Hydro,3917.0
05/15/2016 13:25:00,EDT,Dual Fuel,2923.0
05/15/2016 13:25:00,EDT,Natural Gas,2263.0
05/15/2016 13:25:00,EDT,Nuclear,4397.0
05/15/2016 13:25:00,EDT,Other Fossil Fuels,78.0
05/15/2016 13:25:00,EDT,Other Renewables,302.0
05/15/2016 13:25:00,EDT,Wind,1351.0
05/15/2016 13:25:00,EDT,Hydro,3842.0
05/15/2016 13:30:00,EDT,Dual Fuel,2955.0
05/15/2016 13:30:00,EDT,Natural Gas,2272.0
05/15/2016 13:30:00,EDT,Nuclear,4398.0
05/15/2016 13:30:00,EDT,Other Fossil Fuels,78.0
05/15/2016 13:30:00,EDT,Other Renewables,306.0
05/15/2016 13:30:00,EDT,Wind,1352.0
05/15/2016 13:30:00,EDT,Hydro,3860.0
05/15/2016 13:35:00,EDT,Dual Fuel,2902.0
05/15/2016 13:35:00,EDT,Natural Gas,2285.0
05/15/2016 13:35:00,EDT,Nuclear,4396.0
05/15/2016 13:35:00,EDT,Other Fossil Fuels,78.0
05/15/2016 13:35:00,EDT,Other Renewables,305.0
05/15/2016 13:35:00,EDT,Wind,1351.0
05/15/2016 13:35:00,EDT,Hydro,3859.0
05/15/2016 13:40:00,EDT,Dual Fuel,2869.0
05/15/2016 13:40:00,EDT,Natural Gas,2258.0
05/15/2016 13:40:00,EDT,Nuclear,4398.0
05/15/2016 13:40:00,EDT,Other Fossil Fuels,78.0
05/15/2016 13:40:00,EDT,Other Renewables,305.0
05/15/2016 13:40:00,EDT,Wind,1354.0
05/15/2016 13:40:00,EDT,Hydro,3760.0
05/15/2016 13:45:00,EDT,Dual Fuel,2857.0
05/15/2016 13:45:00,EDT,Natural Gas,2260.0
05/15/2016 13:45:00,EDT,Nuclear,4396.0
05/15/2016 13:45:00,EDT,Other Fossil Fuels,79.0
05/15/2016 13:45:00,EDT,Other Renewables,301.0
05/15/2016 13:45:00,EDT,Wind,1347.0
05/15/2016 13:45:00,EDT,Hydro,3744.0
05/15/2016 13:50:00,EDT,Dual Fuel,2874.0
05/15/2016 13:50:00,EDT,Natural Gas,2260.0
05/15/2016 13:50:00,EDT,Nuclear,4396.0
05/15/2016 13:50:00,EDT,Other Fossil Fuels,79.0
05/15/2016 13:50:00,EDT,Other Renewables,301.0
05/15/2016 13:50:00,EDT,Wind,1347.0
05/15/2016 13:50:00,EDT,Hydro,3769.0
05/15/2016 13:55:00,EDT,Dual Fuel,2858.0
05/15/2016 13:55:00,EDT,Natural Gas,2284.0
05/15/2016 13:55:00,EDT,Nuclear,4395.0
05/15/2016 13:55:00,EDT,Other Fossil Fuels,78.0
05/15/2016 13:55:00,EDT,Other Renewables,302.0
05/15/2016 13:55:00,EDT,Wind,1346.0
05/15/2016 13:55:00,EDT,Hydro,3833.0
05/15/2016 14:00:00,EDT,Dual Fuel,2847.0
05/15/2016 14:00:00,EDT,Natural Gas,2304.0
05/15/2016 14:00:00,EDT,Nuclear,4397.0
05/15/2016 14:00:00,EDT,Other Fossil Fuels,78.0
05/15/2016 14:00:00,EDT,Other Renewables,299.0
05/15/2016 14:00:00,EDT,Wind,1359.0
05/15/2016 14:00:00,EDT,Hydro,3877.0
05/15/2016 14:05:00,EDT,Dual Fuel,2841.0
05/15/2016 14:05:00,EDT,Natural Gas,2297.0
05/15/2016 14:05:00,EDT,Nuclear,4399.0
05/15/2016 14:05:00,EDT,Other Fossil Fuels,79.0
05/15/2016 14:05:00,EDT,Other Renewables,303.0
05/15/2016 14:05:00,EDT,Wind,1361.0
05/15/2016 14:05:00,EDT,Hydro,3926.0
05/15/2016 14:10:00,EDT,Dual Fuel,2842.0
05/15/2016 14:10:00,EDT,Natural Gas,2311.0
05/15/2016 14:10:00,EDT,Nuclear,4395.0
05/15/2016 14:10:00,EDT,Other Fossil Fuels,78.0
05/15/2016 14:10:00,EDT,Other Renewables,306.0
05/15/2016 14:10:00,EDT,Wind,1358.0
05/15/2016 14:10:00,EDT,Hydro,3911.0
05/15/2016 14:15:00,EDT,Dual Fuel,2861.0
05/15/2016 14:15:00,EDT,Natural Gas,2311.0
05/15/2016 14:15:00,EDT,Nuclear,4396.0
05/15/2016 14:15:00,EDT,Other Fossil Fuels,79.0
05/15/2016 14:15:00,EDT,Other Renewables,308.0
05/15/2016 14:15:00,EDT,Wind,1353.0
05/15/2016 14:15:00,EDT,Hydro,3917.0
05/15/2016 14:20:00,EDT,Dual Fuel,2911.0
05/15/2016 14:20:00,EDT,Natural Gas,2320.0
05/15/2016 14:20:00,EDT,Nuclear,4396.0
05/15/2016 14:20:00,EDT,Other Fossil Fuels,78.0
05/15/2016 14:20:00,EDT,Other Renewables,307.0
05/15/2016 14:20:00,EDT,Wind,1360.0
05/15/2016 14:20:00,EDT,Hydro,3866.0
05/15/2016 14:25:00,EDT,Dual Fuel,2894.0
05/15/2016 14:25:00,EDT,Natural Gas,2322.0
05/15/2016 14:25:00,EDT,Nuclear,4397.0
05/15/2016 14:25:00,EDT,Other Fossil Fuels,78.0
05/15/2016 14:25:00,EDT,Other Renewables,311.0
05/15/2016 14:25:00,EDT,Wind,1366.0
05/15/2016 14:25:00,EDT,Hydro,3915.0
05/15/2016 14:30:00,EDT,Dual Fuel,2912.0
05/15/2016 14:30:00,EDT,Natural Gas,2317.0
05/15/2016 14:30:00,EDT,Nuclear,4393.0
05/15/2016 14:30:00,EDT,Other Fossil Fuels,79.0
05/15/2016 14:30:00,EDT,Other Renewables,309.0
05/15/2016 14:30:00,EDT,Wind,1369.0
05/15/2016 14:30:00,EDT,Hydro,3881.0
05/15/2016 14:35:00,EDT,Dual Fuel,2877.0
05/15/2016 14:35:00,EDT,Natural Gas,2320.0
05/15/2016 14:35:00,EDT,Nuclear,4398.0
05/15/2016 14:35:00,EDT,Other Fossil Fuels,78.0
05/15/2016 14:35:00,EDT,Other Renewables,305.0
05/15/2016 14:35:00,EDT,Wind,1378.0
05/15/2016 14:35:00,EDT,Hydro,3889.0
05/15/2016 14:40:00,EDT,Dual Fuel,2814.0
05/15/2016 14:40:00,EDT,Natural Gas,2347.0
05/15/2016 14:40:00,EDT,Nuclear,4397.0
05/15/2016 14:40:00,EDT,Other Fossil Fuels,78.0
05/15/2016 14:40:00,EDT,Other Renewables,303.0
05/15/2016 14:40:00,EDT,Wind,1398.0
05/15/2016 14:40:00,EDT,Hydro,3854.0
05/15/2016 14:45:00,EDT,Dual Fuel,2799.0
05/15/2016 14:45:00,EDT,Natural Gas,2332.0
05/15/2016 14:45:00,EDT,Nuclear,4397.0
05/15/2016 14:45:00,EDT,Other Fossil Fuels,79.0
05/15/2016 14:45:00,EDT,Other Renewables,303.0
05/15/2016 14:45:00,EDT,Wind,1397.0
05/15/2016 14:45:00,EDT,Hydro,3850.0
05/15/2016 14:50:00,EDT,Dual Fuel,2844.0
05/15/2016 14:50:00,EDT,Natural Gas,2295.0
05/15/2016 14:50:00,EDT,Nuclear,4396.0
05/15/2016 14:50:00,EDT,Other Fossil Fuels,79.0
05/15/2016 14:50:00,EDT,Other Renewables,296.0
05/15/2016 14:50:00,EDT,Wind,1399.0
05/15/2016 14:50:00,EDT,Hydro,3875.0
05/15/2016 14:55:00,EDT,Dual Fuel,2791.0
05/15/2016 14:55:00,EDT,Natural Gas,2273.0
05/15/2016 14:55:00,EDT,Nuclear,4396.0
05/15/2016 14:55:00,EDT,Other Fossil Fuels,79.0
05/15/2016 14:55:00,EDT,Other Renewables,303.0
05/15/2016 14:55:00,EDT,Wind,1418.0
05/15/2016 14:55:00,EDT,Hydro,3923.0
05/15/2016 15:00:00,EDT,Dual Fuel,2838.0
05/15/2016 15:00:00,EDT,Natural Gas,2299.0
05/15/2016 15:00:00,EDT,Nuclear,4396.0
05/15/2016 15:00:00,EDT,Other Fossil Fuels,78.0
05/15/2016 15:00:00,EDT,Other Renewables,302.0
05/15/2016 15:00:00,EDT,Wind,1416.0
05/15/2016 15:00:00,EDT,Hydro,3862.0
05/15/2016 15:05:00,EDT,Dual Fuel,2825.0
05/15/2016 15:05:00,EDT,Natural Gas,2312.0
05/15/2016 15:05:00,EDT,Nuclear,4398.0
05/15/2016 15:05:00,EDT,Other Fossil Fuels,79.0
05/15/2016 15:05:00,EDT,Other Renewables,301.0
05/15/2016 15:05:00,EDT,Wind,1427.0
05/15/2016 15:05:00,EDT,Hydro,3793.0
05/15/2016 15:10:00,EDT,Dual Fuel,2861.0
05/15/2016 15:10:00,EDT,Natural Gas,2311.0
05/15/2016 15:10:00,EDT,Nuclear,4396.0
05/15/2016 15:10:00,EDT,Other Fossil Fuels,79.0
05/15/2016 15:10:00,EDT,Other Renewables,303.0
05/15/2016 15:10:00,EDT,Wind,1430.0
05/15/2016 15:10:00,EDT,Hydro,3767.0
05/15/2016 15:15:00,EDT,Dual Fuel,2862.0
05/15/2016 15:15:00,EDT,Natural Gas,2282.0
05/15/2016 15:15:00,EDT,Nuclear,4400.0
05/15/2016 15:15:00,EDT,Other Fossil Fuels,78.0
05/15/2016 15:15:00,EDT,Other Renewables,307.0
05/15/2016 15:15:00,EDT,Wind,1420.0
05/15/2016 15:15:00,EDT,Hydro,3855.0
05/15/2016 15:20:00,EDT,Dual Fuel,2864.0
05/15/2016 15:20:00,EDT,Natural Gas,2250.0
05/15/2016 15:20:00,EDT,Nuclear,4396.0
05/15/2016 15:20:00,EDT,Other Fossil Fuels,78.0
05/15/2016 15:20:00,EDT,Other Renewables,314.0
05/15/2016 15:20:00,EDT,Wind,1397.0
05/15/2016 15:20:00,EDT,Hydro,3937.0
05/15/2016 15:25:00,EDT,Dual Fuel,2893.0
05/15/2016 15:25:00,EDT,Natural Gas,2282.0
05/15/2016 15:25:00,EDT,Nuclear,4400.0
05/15/2016 15:25:00,EDT,Other Fossil Fuels,78.0
05/15/2016 15:25:00,EDT,Other Renewables,310.0
05/15/2016 15:25:00,EDT,Wind,1390.0
05/15/2016 15:25:00,EDT,Hydro,3909.0
05/15/2016 15:30:00,EDT,Dual Fuel,2892.0
05/15/2016 15:30:00,EDT,Natural Gas,2285.0
05/15/2016 15:30:00,EDT,Nuclear,4397.0
05/15/2016 15:30:00,EDT,Other Fossil Fuels,78.0
05/15/2016 15:30:00,EDT,Other Renewables,311.0
05/15/2016 15:30:00,EDT,Wind,1393.0
05/15/2016 15:30:00,EDT,Hydro,3946.0
05/15/2016 15:35:00,EDT,Dual Fuel,2896.0
05/15/2016 15:35:00,EDT,Natural Gas,2302.0
05/15/2016 15:35:00,EDT,Nuclear,4398.0
05/15/2016 15:35:00,EDT,Other Fossil Fuels,78.0
05/15/2016 15:35:00,EDT,Other Renewables,315.0
05/15/2016 15:35:00,EDT,Wind,1400.0
05/15/2016 15:35:00,EDT,Hydro,3873.0
05/15/2016 15:40:00,EDT,Dual Fuel,2872.0
05/15/2016 15:40:00,EDT,Natural Gas,2266.0
05/15/2016 15:40:00,EDT,Nuclear,4400.0
05/15/2016 15:40:00,EDT,Other Fossil Fuels,78.0
05/15/2016 15:40:00,EDT,Other Renewables,311.0
05/15/2016 15:40:00,EDT,Wind,1398.0
05/15/2016 15:40:00,EDT,Hydro,3892.0
05/15/2016 15:45:00,EDT,Dual Fuel,2834.0
05/15/2016 15:45:00,EDT,Natural Gas,2271.0
05/15/2016 15:45:00,EDT,Nuclear,4399.0
05/15/2016 15:45:00,EDT,Other Fossil Fuels,78.0
05/15/2016 15:45:00,EDT,Other Renewables,320.0
05/15/2016 15:45:00,EDT,Wind,1387.0
05/15/2016 15:45:00,EDT,Hydro,3886.0
05/15/2016 15:50:00,EDT,Dual Fuel,2832.0
05/15/2016 15:50:00,EDT,Natural Gas,2314.0
05/15/2016 15:50:00,EDT,Nuclear,4398.0
05/15/2016 15:50:00,EDT,Other Fossil Fuels,78.0
05/15/2016 15:50:00,EDT,Other Renewables,319.0
05/15/2016 15:50:00,EDT,Wind,1393.0
05/15/2016 15:50:00,EDT,Hydro,3870.0
05/15/2016 15:55:00,EDT,Dual Fuel,2881.0
05/15/2016 15:55:00,EDT,Natural Gas,2320.0
05/15/2016 15:55:00,EDT,Nuclear,4397.0
05/15/2016 15:55:00,EDT,Other Fossil Fuels,79.0
05/15/2016 15:55:00,EDT,Other Renewables,308.0
05/15/2016 15:55:00,EDT,Wind,1388.0
05/15/2016 15:55:00,EDT,Hydro,3867.0
05/15/2016 16:00:00,EDT,Dual Fuel,2964.0
05/15/2016 16:00:00,EDT,Natural Gas,2303.0
05/15/2016 16:00:00,EDT,Nuclear,4399.0
05/15/2016 16:00:00,EDT,Other Fossil Fuels,78.0
05/15/2016 16:00:00,EDT,Other Renewables,308.0
05/15/2016 16:00:00,EDT,Wind,1358.0
05/15/2016 16:00:00,EDT,Hydro,3840.0
05/15/2016 16:05:00,EDT,Dual Fuel,3000.0
05/15/2016 16:05:00,EDT,Natural Gas,2264.0
05/15/2016 16:05:00,EDT,Nuclear,4398.0
05/15/2016 16:05:00,EDT,Other Fossil Fuels,79.0
05/15/2016 16:05:00,EDT,Other Renewables,312.0
05/15/2016 16:05:00,EDT,Wind,1352.0
05/15/2016 16:05:00,EDT,Hydro,3851.0
05/15/2016 16:10:00,EDT,Dual Fuel,3022.0
05/15/2016 16:10:00,EDT,Natural Gas,2265.0
05/15/2016 16:10:00,EDT,Nuclear,4398.0
05/15/2016 16:10:00,EDT,Other Fossil Fuels,78.0
05/15/2016 16:10:00,EDT,Other Renewables,310.0
05/15/2016 16:10:00,EDT,Wind,1360.0
05/15/2016 16:10:00,EDT,Hydro,3831.0
05/15/2016 16:15:00,EDT,Dual Fuel,2984.0
05/15/2016 16:15:00,EDT,Natural Gas,2266.0
05/15/2016 16:15:00,EDT,Nuclear,4398.0
05/15/2016 16:15:00,EDT,Other Fossil Fuels,78.0
05/15/2016 16:15:00,EDT,Other Renewables,314.0
05/15/2016 16:15:00,EDT,Wind,1376.0
05/15/2016 16:15:00,EDT,Hydro,3873.0
05/15/2016 16:20:00,EDT,Dual Fuel,2988.0
05/15/2016 16:20:00,EDT,Natural Gas,2267.0
05/15/2016 16:20:00,EDT,Nuclear,4398.0
05/15/2016 16:20:00,EDT,Other Fossil Fuels,78.0
05/15/2016 16:20:00,EDT,Other Renewables,314.0
05/15/2016 16:20:00,EDT,Wind,1364.0
05/15/2016 16:20:00,EDT,Hydro,3883.0
05/15/2016 16:25:00,EDT,Dual Fuel,3025.0
05/15/2016 16:25:00,EDT,Natural Gas,2272.0
05/15/2016 16:25:00,EDT,Nuclear,4398.0
05/15/2016 16:25:00,EDT,Other Fossil Fuels,78.0
05/15/2016 16:25:00,EDT,Other Renewables,313.0
05/15/2016 16:25:00,EDT,Wind,1365.0
05/15/2016 16:25:00,EDT,Hydro,3892.0
05/15/2016 16:30:00,EDT,Dual Fuel,3046.0
05/15/2016 16:30:00,EDT,Natural Gas,2268.0
05/15/2016 16:30:00,EDT,Nuclear,4397.0
05/15/2016 16:30:00,EDT,Other Fossil Fuels,78.0
05/15/2016 16:30:00,EDT,Other Renewables,312.0
05/15/2016 16:30:00,EDT,Wind,1357.0
05/15/2016 16:30:00,EDT,Hydro,3915.0
05/15/2016 16:35:00,EDT,Dual Fuel,3099.0
05/15/2016 16:35:00,EDT,Natural Gas,2271.0
05/15/2016 16:35:00,EDT,Nuclear,4398.0
05/15/2016 16:35:00,EDT,Other Fossil Fuels,78.0
05/15/2016 16:35:00,EDT,Other Renewables,310.0
05/15/2016 16:35:00,EDT,Wind,1335.0
05/15/2016 16:35:00,EDT,Hydro,3887.0
05/15/2016 16:40:00,EDT,Dual Fuel,3102.0
05/15/2016 16:40:00,EDT,Natural Gas,2270.0
05/15/2016 16:40:00,EDT,Nuclear,4397.0
05/15/2016 16:40:00,EDT,Other Fossil Fuels,78.0
05/15/2016 16:40:00,EDT,Other Renewables,307.0
05/15/2016 16:40:00,EDT,Wind,1313.0
05/15/2016 16:40:00,EDT,Hydro,3866.0
05/15/2016 16:45:00,EDT,Dual Fuel,3125.0
05/15/2016 16:45:00,EDT,Natural Gas,2266.0
05/15/2016 16:45:00,EDT,Nuclear,4396.0
05/15/2016 16:45:00,EDT,Other Fossil Fuels,78.0
05/15/2016 16:45:00,EDT,Other Renewables,304.0
05/15/2016 16:45:00,EDT,Wind,1299.0
05/15/2016 16:45:00,EDT,Hydro,3888.0
05/15/2016 16:50:00,EDT,Dual Fuel,3146.0
05/15/2016 16:50:00,EDT,Natural Gas,2272.0
05/15/2016 16:50:00,EDT,Nuclear,4398.0
05/15/2016 16:50:00,EDT,Other Fossil Fuels,79.0
05/15/2016 16:50:00,EDT,Other Renewables,306.0
05/15/2016 16:50:00,EDT,Wind,1287.0
05/15/2016 16:50:00,EDT,Hydro,3917.0
05/15/2016 16:55:00,EDT,Dual Fuel,3210.0
05/15/2016 16:55:00,EDT,Natural Gas,2295.0
05/15/2016 16:55:00,EDT,Nuclear,4396.0
05/15/2016 16:55:00,EDT,Other Fossil Fuels,78.0
05/15/2016 16:55:00,EDT,Other Renewables,302.0
05/15/2016 16:55:00,EDT,Wind,1274.0
05/15/2016 16:55:00,EDT,Hydro,3949.0
05/15/2016 17:00:00,EDT,Dual Fuel,3206.0
05/15/2016 17:00:00,EDT,Natural Gas,2311.0
05/15/2016 17:00:00,EDT,Nuclear,4399.0
05/15/2016 17:00:00,EDT,Other Fossil Fuels,78.0
05/15/2016 17:00:00,EDT,Other Renewables,304.0
05/15/2016 17:00:00,EDT,Wind,1281.0
05/15/2016 17:00:00,EDT,Hydro,3928.0
05/15/2016 17:05:00,EDT,Dual Fuel,3176.0
05/15/2016 17:05:00,EDT,Natural Gas,2306.0
05/15/2016 17:05:00,EDT,Nuclear,4396.0
05/15/2016 17:05:00,EDT,Other Fossil Fuels,78.0
05/15/2016 17:05:00,EDT,Other Renewables,306.0
05/15/2016 17:05:00,EDT,Wind,1282.0
05/15/2016 17:05:00,EDT,Hydro,3965.0
05/15/2016 17:10:00,EDT,Dual Fuel,3149.0
05/15/2016 17:10:00,EDT,Natural Gas,2281.0
05/15/2016 17:10:00,EDT,Nuclear,4394.0
05/15/2016 17:10:00,EDT,Other Fossil Fuels,78.0
05/15/2016 17:10:00,EDT,Other Renewables,316.0
05/15/2016 17:10:00,EDT,Wind,1278.0
05/15/2016 17:10:00,EDT,Hydro,4048.0
05/15/2016 17:15:00,EDT,Dual Fuel,3207.0
05/15/2016 17:15:00,EDT,Natural Gas,2276.0
05/15/2016 17:15:00,EDT,Nuclear,4396.0
05/15/2016 17:15:00,EDT,Other Fossil Fuels,78.0
05/15/2016 17:15:00,EDT,Other Renewables,316.0
05/15/2016 17:15:00,EDT,Wind,1261.0
05/15/2016 17:15:00,EDT,Hydro,4039.0
05/15/2016 17:20:00,EDT,Dual Fuel,3265.0
05/15/2016 17:20:00,EDT,Natural Gas,2282.0
05/15/2016 17:20:00,EDT,Nuclear,4396.0
05/15/2016 17:20:00,EDT,Other Fossil Fuels,78.0
05/15/2016 17:20:00,EDT,Other Renewables,305.0
05/15/2016 17:20:00,EDT,Wind,1246.0
05/15/2016 17:20:00,EDT,Hydro,3985.0
05/15/2016 17:25:00,EDT,Dual Fuel,3264.0
05/15/2016 17:25:00,EDT,Natural Gas,2278.0
05/15/2016 17:25:00,EDT,Nuclear,4398.0
05/15/2016 17:25:00,EDT,Other Fossil Fuels,78.0
05/15/2016 17:25:00,EDT,Other Renewables,301.0
05/15/2016 17:25:00,EDT,Wind,1226.0
05/15/2016 17:25:00,EDT,Hydro,4088.0
05/15/2016 17:30:00,EDT,Dual Fuel,3336.0
05/15/2016 17:30:00,EDT,Natural Gas,2308.0
05/15/2016 17:30:00,EDT,Nuclear,4397.0
05/15/2016 17:30:00,EDT,Other Fossil Fuels,78.0
05/15/2016 17:30:00,EDT,Other Renewables,300.0
05/15/2016 17:30:00,EDT,Wind,1265.0
05/15/2016 17:30:00,EDT,Hydro,4076.0
05/15/2016 17:35:00,EDT,Dual Fuel,3379.0
05/15/2016 17:35:00,EDT,Natural Gas,2339.0
05/15/2016 17:35:00,EDT,Nuclear,4396.0
05/15/2016 17:35:00,EDT,Other Fossil Fuels,78.0
05/15/2016 17:35:00,EDT,Other Renewables,299.0
05/15/2016 17:35:00,EDT,Wind,1315.0
05/15/2016 17:35:00,EDT,Hydro,4076.0
05/15/2016 17:40:00,EDT,Dual Fuel,3461.0
05/15/2016 17:40:00,EDT,Natural Gas,2363.0
05/15/2016 17:40:00,EDT,Nuclear,4397.0
05/15/2016 17:40:00,EDT,Other Fossil Fuels,78.0
05/15/2016 17:40:00,EDT,Other Renewables,308.0
05/15/2016 17:40:00,EDT,Wind,1315.0
05/15/2016 17:40:00,EDT,Hydro,4026.0
05/15/2016 17:45:00,EDT,Dual Fuel,3490.0
05/15/2016 17:45:00,EDT,Natural Gas,2395.0
05/15/2016 17:45:00,EDT,Nuclear,4397.0
05/15/2016 17:45:00,EDT,Other Fossil Fuels,78.0
05/15/2016 17:45:00,EDT,Other Renewables,308.0
05/15/2016 17:45:00,EDT,Wind,1286.0
05/15/2016 17:45:00,EDT,Hydro,3921.0
05/15/2016 17:50:00,EDT,Dual Fuel,3475.0
05/15/2016 17:50:00,EDT,Natural Gas,2396.0
05/15/2016 17:50:00,EDT,Nuclear,4396.0
05/15/2016 17:50:00,EDT,Other Fossil Fuels,78.0
05/15/2016 17:50:00,EDT,Other Renewables,307.0
05/15/2016 17:50:00,EDT,Wind,1255.0
05/15/2016 17:50:00,EDT,Hydro,3925.0
05/15/2016 17:55:00,EDT,Dual Fuel,3455.0
05/15/2016 17:55:00,EDT,Natural Gas,2393.0
05/15/2016 17:55:00,EDT,Nuclear,4395.0
05/15/2016 17:55:00,EDT,Other Fossil Fuels,78.0
05/15/2016 17:55:00,EDT,Other Renewables,306.0
05/15/2016 17:55:00,EDT,Wind,1223.0
05/15/2016 17:55:00,EDT,Hydro,3931.0
05/15/2016 18:00:00,EDT,Dual Fuel,3400.0
05/15/2016 18:00:00,EDT,Natural Gas,2396.0
05/15/2016 18:00:00,EDT,Nuclear,4396.0
05/15/2016 18:00:00,EDT,Other Fossil Fuels,78.0
05/15/2016 18:00:00,EDT,Other Renewables,304.0
05/15/2016 18:00:00,EDT,Wind,1193.0
05/15/2016 18:00:00,EDT,Hydro,3973.0
05/15/2016 18:05:00,EDT,Dual Fuel,3417.0
05/15/2016 18:05:00,EDT,Natural Gas,2402.0
05/15/2016 18:05:00,EDT,Nuclear,4396.0
05/15/2016 18:05:00,EDT,Other Fossil Fuels,78.0
05/15/2016 18:05:00,EDT,Other Renewables,304.0
05/15/2016 18:05:00,EDT,Wind,1173.0
05/15/2016 18:05:00,EDT,Hydro,3972.0
05/15/2016 18:10:00,EDT,Dual Fuel,3498.0
05/15/2016 18:10:00,EDT,Natural Gas,2411.0
05/15/2016 18:10:00,EDT,Nuclear,4396.0
05/15/2016 18:10:00,EDT,Other Fossil Fuels,78.0
05/15/2016 18:10:00,EDT,Other Renewables,302.0
05/15/2016 18:10:00,EDT,Wind,1163.0
05/15/2016 18:10:00,EDT,Hydro,3980.0
05/15/2016 18:15:00,EDT,Dual Fuel,3508.0
05/15/2016 18:15:00,EDT,Natural Gas,2415.0
05/15/2016 18:15:00,EDT,Nuclear,4399.0
05/15/2016 18:15:00,EDT,Other Fossil Fuels,78.0
05/15/2016 18:15:00,EDT,Other Renewables,298.0
05/15/2016 18:15:00,EDT,Wind,1165.0
05/15/2016 18:15:00,EDT,Hydro,3984.0
05/15/2016 18:20:00,EDT,Dual Fuel,3484.0
05/15/2016 18:20:00,EDT,Natural Gas,2420.0
05/15/2016 18:20:00,EDT,Nuclear,4395.0
05/15/2016 18:20:00,EDT,Other Fossil Fuels,78.0
05/15/2016 18:20:00,EDT,Other Renewables,301.0
05/15/2016 18:20:00,EDT,Wind,1186.0
05/15/2016 18:20:00,EDT,Hydro,3907.0
05/15/2016 18:25:00,EDT,Dual Fuel,3446.0
05/15/2016 18:25:00,EDT,Natural Gas,2419.0
05/15/2016 18:25:00,EDT,Nuclear,4395.0
05/15/2016 18:25:00,EDT,Other Fossil Fuels,78.0
05/15/2016 18:25:00,EDT,Other Renewables,301.0
05/15/2016 18:25:00,EDT,Wind,1205.0
05/15/2016 18:25:00,EDT,Hydro,3941.0
05/15/2016 18:30:00,EDT,Dual Fuel,3512.0
05/15/2016 18:30:00,EDT,Natural Gas,2420.0
05/15/2016 18:30:00,EDT,Nuclear,4396.0
05/15/2016 18:30:00,EDT,Other Fossil Fuels,78.0
05/15/2016 18:30:00,EDT,Other Renewables,299.0
05/15/2016 18:30:00,EDT,Wind,1214.0
05/15/2016 18:30:00,EDT,Hydro,3878.0
05/15/2016 18:35:00,EDT,Dual Fuel,3496.0
05/15/2016 18:35:00,EDT,Natural Gas,2418.0
05/15/2016 18:35:00,EDT,Nuclear,4397.0
05/15/2016 18:35:00,EDT,Other Fossil Fuels,78.0
05/15/2016 18:35:00,EDT,Other Renewables,299.0
05/15/2016 18:35:00,EDT,Wind,1224.0
05/15/2016 18:35:00,EDT,Hydro,3912.0
05/15/2016 18:40:00,EDT,Dual Fuel,3459.0
05/15/2016 18:40:00,EDT,Natural Gas,2420.0
05/15/2016 18:40:00,EDT,Nuclear,4397.0
05/15/2016 18:40:00,EDT,Other Fossil Fuels,78.0
05/15/2016 18:40:00,EDT,Other Renewables,300.0
05/15/2016 18:40:00,EDT,Wind,1258.0
05/15/2016 18:40:00,EDT,Hydro,3882.0
05/15/2016 18:45:00,EDT,Dual Fuel,3488.0
05/15/2016 18:45:00,EDT,Natural Gas,2419.0
05/15/2016 18:45:00,EDT,Nuclear,4395.0
05/15/2016 18:45:00,EDT,Other Fossil Fuels,78.0
05/15/2016 18:45:00,EDT,Other Renewables,298.0
05/15/2016 18:45:00,EDT,Wind,1308.0
05/15/2016 18:45:00,EDT,Hydro,3887.0
05/15/2016 18:50:00,EDT,Dual Fuel,3604.0
05/15/2016 18:50:00,EDT,Natural Gas,2412.0
05/15/2016 18:50:00,EDT,Nuclear,4398.0
05/15/2016 18:50:00,EDT,Other Fossil Fuels,78.0
05/15/2016 18:50:00,EDT,Other Renewables,296.0
05/15/2016 18:50:00,EDT,Wind,1328.0
05/15/2016 18:50:00,EDT,Hydro,3846.0
05/15/2016 18:55:00,EDT,Dual Fuel,3618.0
05/15/2016 18:55:00,EDT,Natural Gas,2415.0
05/15/2016 18:55:00,EDT,Nuclear,4396.0
05/15/2016 18:55:00,EDT,Other Fossil Fuels,78.0
05/15/2016 18:55:00,EDT,Other Renewables,300.0
05/15/2016 18:55:00,EDT,Wind,1337.0
05/15/2016 18:55:00,EDT,Hydro,3744.0
05/15/2016 19:00:00,EDT,Dual Fuel,3662.0
05/15/2016 19:00:00,EDT,Natural Gas,2417.0
05/15/2016 19:00:00,EDT,Nuclear,4395.0
05/15/2016 19:00:00,EDT,Other Fossil Fuels,78.0
05/15/2016 19:00:00,EDT,Other Renewables,299.0
05/15/2016 19:00:00,EDT,Wind,1320.0
05/15/2016 19:00:00,EDT,Hydro,3703.0
05/15/2016 19:05:00,EDT,Dual Fuel,3662.0
05/15/2016 19:05:00,EDT,Natural Gas,2418.0
05/15/2016 19:05:00,EDT,Nuclear,4398.0
05/15/2016 19:05:00,EDT,Other Fossil Fuels,78.0
05/15/2016 19:05:00,EDT,Other Renewables,300.0
05/15/2016 19:05:00,EDT,Wind,1300.0
05/15/2016 19:05:00,EDT,Hydro,3679.0
05/15/2016 19:10:00,EDT,Dual Fuel,3541.0
05/15/2016 19:10:00,EDT,Natural Gas,2415.0
05/15/2016 19:10:00,EDT,Nuclear,4395.0
05/15/2016 19:10:00,EDT,Other Fossil Fuels,79.0
05/15/2016 19:10:00,EDT,Other Renewables,301.0
05/15/2016 19:10:00,EDT,Wind,1310.0
05/15/2016 19:10:00,EDT,Hydro,3786.0
05/15/2016 19:15:00,EDT,Dual Fuel,3551.0
05/15/2016 19:15:00,EDT,Natural Gas,2409.0
05/15/2016 19:15:00,EDT,Nuclear,4395.0
05/15/2016 19:15:00,EDT,Other Fossil Fuels,78.0
05/15/2016 19:15:00,EDT,Other Renewables,302.0
05/15/2016 19:15:00,EDT,Wind,1299.0
05/15/2016 19:15:00,EDT,Hydro,3873.0
05/15/2016 19:20:00,EDT,Dual Fuel,3599.0
05/15/2016 19:20:00,EDT,Natural Gas,2410.0
05/15/2016 19:20:00,EDT,Nuclear,4397.0
05/15/2016 19:20:00,EDT,Other Fossil Fuels,78.0
05/15/2016 19:20:00,EDT,Other Renewables,304.0
05/15/2016 19:20:00,EDT,Wind,1304.0
05/15/2016 19:20:00,EDT,Hydro,3916.0
05/15/2016 19:25:00,EDT,Dual Fuel,3603.0
05/15/2016 19:25:00,EDT,Natural Gas,2420.0
05/15/2016 19:25:00,EDT,Nuclear,4397.0
05/15/2016 19:25:00,EDT,Other Fossil Fuels,79.0
05/15/2016 19:25:00,EDT,Other Renewables,301.0
05/15/2016 19:25:00,EDT,Wind,1314.0
05/15/2016 19:25:00,EDT,Hydro,3917.0
05/15/2016 19:30:00,EDT,Dual Fuel,3598.0
05/15/2016 19:30:00,EDT,Natural Gas,2422.0
05/15/2016 19:30:00,EDT,Nuclear,4397.0
05/15/2016 19:30:00,EDT,Other Fossil Fuels,78.0
05/15/2016 19:30:00,EDT,Other Renewables,305.0
05/15/2016 19:30:00,EDT,Wind,1334.0
05/15/2016 19:30:00,EDT,Hydro,3976.0
05/15/2016 19:35:00,EDT,Dual Fuel,3569.0
05/15/2016 19:35:00,EDT,Natural Gas,2416.0
05/15/2016 19:35:00,EDT,Nuclear,4395.0
05/15/2016 19:35:00,EDT,Other Fossil Fuels,78.0
05/15/2016 19:35:00,EDT,Other Renewables,308.0
05/15/2016 19:35:00,EDT,Wind,1338.0
05/15/2016 19:35:00,EDT,Hydro,4007.0
05/15/2016 19:40:00,EDT,Dual Fuel,3571.0
05/15/2016 19:40:00,EDT,Natural Gas,2399.0
05/15/2016 19:40:00,EDT,Nuclear,4398.0
05/15/2016 19:40:00,EDT,Other Fossil Fuels,78.0
05/15/2016 19:40:00,EDT,Other Renewables,302.0
05/15/2016 19:40:00,EDT,Wind,1352.0
05/15/2016 19:40:00,EDT,Hydro,4067.0
05/15/2016 19:45:00,EDT,Dual Fuel,3623.0
05/15/2016 19:45:00,EDT,Natural Gas,2387.0
05/15/2016 19:45:00,EDT,Nuclear,4398.0
05/15/2016 19:45:00,EDT,Other Fossil Fuels,78.0
05/15/2016 19:45:00,EDT,Other Renewables,296.0
05/15/2016 19:45:00,EDT,Wind,1332.0
05/15/2016 19:45:00,EDT,Hydro,4096.0
05/15/2016 19:50:00,EDT,Dual Fuel,3604.0
05/15/2016 19:50:00,EDT,Natural Gas,2413.0
05/15/2016 19:50:00,EDT,Nuclear,4397.0
05/15/2016 19:50:00,EDT,Other Fossil Fuels,78.0
05/15/2016 19:50:00,EDT,Other Renewables,299.0
05/15/2016 19:50:00,EDT,Wind,1318.0
05/15/2016 19:50:00,EDT,Hydro,4063.0
05/15/2016 19:55:00,EDT,Dual Fuel,3655.0
05/15/2016 19:55:00,EDT,Natural Gas,2407.0
05/15/2016 19:55:00,EDT,Nuclear,4398.0
05/15/2016 19:55:00,EDT,Other Fossil Fuels,78.0
05/15/2016 19:55:00,EDT,Other Renewables,301.0
05/15/2016 19:55:00,EDT,Wind,1269.0
05/15/2016 19:55:00,EDT,Hydro,4044.0
05/15/2016 19:56:19,EDT,Dual Fuel,3619.0
05/15/2016 19:56:19,EDT,Natural Gas,2383.0
05/15/2016 19:56:19,EDT,Nuclear,4395.0
05/15/2016 19:56:19,EDT,Other Fossil Fuels,79.0
05/15/2016 19:56:19,EDT,Other Renewables,301.0
05/15/2016 19:56:19,EDT,Wind,1246.0
05/15/2016 19:56:19,EDT,Hydro,4065.0
05/15/2016 19:57:55,EDT,Dual Fuel,3671.0
05/15/2016 19:57:55,EDT,Natural Gas,2379.0
05/15/2016 19:57:55,EDT,Nuclear,4397.0
05/15/2016 19:57:55,EDT,Other Fossil Fuels,78.0
05/15/2016 19:57:55,EDT,Other Renewables,302.0
05/15/2016 19:57:55,EDT,Wind,1230.0
05/15/2016 19:57:55,EDT,Hydro,4102.0
05/15/2016 20:00:00,EDT,Dual Fuel,3796.0
05/15/2016 20:00:00,EDT,Natural Gas,2382.0
05/15/2016 20:00:00,EDT,Nuclear,4398.0
05/15/2016 20:00:00,EDT,Other Fossil Fuels,78.0
05/15/2016 20:00:00,EDT,Other Renewables,303.0
05/15/2016 20:00:00,EDT,Wind,1203.0
05/15/2016 20:00:00,EDT,Hydro,4112.0
05/15/2016 20:05:00,EDT,Dual Fuel,3866.0
05/15/2016 20:05:00,EDT,Natural Gas,2387.0
05/15/2016 20:05:00,EDT,Nuclear,4398.0
05/15/2016 20:05:00,EDT,Other Fossil Fuels,78.0
05/15/2016 20:05:00,EDT,Other Renewables,300.0
05/15/2016 20:05:00,EDT,Wind,1187.0
05/15/2016 20:05:00,EDT,Hydro,4118.0
05/15/2016 20:10:00,EDT,Dual Fuel,4011.0
05/15/2016 20:10:00,EDT,Natural Gas,2392.0
05/15/2016 20:10:00,EDT,Nuclear,4399.0
05/15/2016 20:10:00,EDT,Other Fossil Fuels,78.0
05/15/2016 20:10:00,EDT,Other Renewables,301.0
05/15/2016 20:10:00,EDT,Wind,1179.0
05/15/2016 20:10:00,EDT,Hydro,4121.0
05/15/2016 20:15:00,EDT,Dual Fuel,4078.0
05/15/2016 20:15:00,EDT,Natural Gas,2403.0
05/15/2016 20:15:00,EDT,Nuclear,4395.0
05/15/2016 20:15:00,EDT,Other Fossil Fuels,78.0
05/15/2016 20:15:00,EDT,Other Renewables,304.0
05/15/2016 20:15:00,EDT,Wind,1162.0
05/15/2016 20:15:00,EDT,Hydro,4114.0
05/15/2016 20:20:00,EDT,Dual Fuel,4063.0
05/15/2016 20:20:00,EDT,Natural Gas,2415.0
05/15/2016 20:20:00,EDT,Nuclear,4395.0
05/15/2016 20:20:00,EDT,Other Fossil Fuels,78.0
05/15/2016 20:20:00,EDT,Other Renewables,306.0
05/15/2016 20:20:00,EDT,Wind,1148.0
05/15/2016 20:20:00,EDT,Hydro,4105.0
05/15/2016 20:25:00,EDT,Dual Fuel,4071.0
05/15/2016 20:25:00,EDT,Natural Gas,2422.0
05/15/2016 20:25:00,EDT,Nuclear,4397.0
05/15/2016 20:25:00,EDT,Other Fossil Fuels,79.0
05/15/2016 20:25:00,EDT,Other Renewables,303.0
05/15/2016 20:25:00,EDT,Wind,1150.0
05/15/2016 20:25:00,EDT,Hydro,4110.0
05/15/2016 20:30:00,EDT,Dual Fuel,4092.0
05/15/2016 20:30:00,EDT,Natural Gas,2432.0
05/15/2016 20:30:00,EDT,Nuclear,4396.0
05/15/2016 20:30:00,EDT,Other Fossil Fuels,104.0
05/15/2016 20:30:00,EDT,Other Renewables,303.0
05/15/2016 20:30:00,EDT,Wind,1197.0
05/15/2016 20:30:00,EDT,Hydro,4114.0
05/15/2016 20:35:00,EDT,Dual Fuel,4047.0
05/15/2016 20:35:00,EDT,Natural Gas,2443.0
05/15/2016 20:35:00,EDT,Nuclear,4395.0
05/15/2016 20:35:00,EDT,Other Fossil Fuels,95.0
05/15/2016 20:35:00,EDT,Other Renewables,302.0
05/15/2016 20:35:00,EDT,Wind,1246.0
05/15/2016 20:35:00,EDT,Hydro,4109.0
05/15/2016 20:40:00,EDT,Dual Fuel,4053.0
05/15/2016 20:40:00,EDT,Natural Gas,2457.0
05/15/2016 20:40:00,EDT,Nuclear,4398.0
05/15/2016 20:40:00,EDT,Other Fossil Fuels,101.0
05/15/2016 20:40:00,EDT,Other Renewables,302.0
05/15/2016 20:40:00,EDT,Wind,1241.0
05/15/2016 20:40:00,EDT,Hydro,4099.0
05/15/2016 20:45:00,EDT,Dual Fuel,4066.0
05/15/2016 20:45:00,EDT,Natural Gas,2461.0
05/15/2016 20:45:00,EDT,Nuclear,4396.0
05/15/2016 20:45:00,EDT,Other Fossil Fuels,126.0
05/15/2016 20:45:00,EDT,Other Renewables,303.0
05/15/2016 20:45:00,EDT,Wind,1202.0
05/15/2016 20:45:00,EDT,Hydro,4072.0
05/15/2016 20:50:00,EDT,Dual Fuel,4041.0
05/15/2016 20:50:00,EDT,Natural Gas,2441.0
05/15/2016 20:50:00,EDT,Nuclear,4395.0
05/15/2016 20:50:00,EDT,Other Fossil Fuels,130.0
05/15/2016 20:50:00,EDT,Other Renewables,304.0
05/15/2016 20:50:00,EDT,Wind,1179.0
05/15/2016 20:50:00,EDT,Hydro,4074.0
05/15/2016 20:55:00,EDT,Dual Fuel,4016.0
05/15/2016 20:55:00,EDT,Natural Gas,2415.0
05/15/2016 20:55:00,EDT,Nuclear,4395.0
05/15/2016 20:55:00,EDT,Other Fossil Fuels,131.0
05/15/2016 20:55:00,EDT,Other Renewables,303.0
05/15/2016 20:55:00,EDT,Wind,1181.0
05/15/2016 20:55:00,EDT,Hydro,4107.0
05/15/2016 21:00:00,EDT,Dual Fuel,3890.0
05/15/2016 21:00:00,EDT,Natural Gas,2398.0
05/15/2016 21:00:00,EDT,Nuclear,4395.0
05/15/2016 21:00:00,EDT,Other Fossil Fuels,131.0
05/15/2016 21:00:00,EDT,Other Renewables,303.0
05/15/2016 21:00:00,EDT,Wind,1177.0
05/15/2016 21:00:00,EDT,Hydro,4090.0
05/15/2016 21:05:00,EDT,Dual Fuel,3739.0
05/15/2016 21:05:00,EDT,Natural Gas,2354.0
05/15/2016 21:05:00,EDT,Nuclear,4395.0
05/15/2016 21:05:00,EDT,Other Fossil Fuels,131.0
05/15/2016 21:05:00,EDT,Other Renewables,304.0
05/15/2016 21:05:00,EDT,Wind,1173.0
05/15/2016 21:05:00,EDT,Hydro,4099.0
05/15/2016 21:10:00,EDT,Dual Fuel,3710.0
05/15/2016 21:10:00,EDT,Natural Gas,2340.0
05/15/2016 21:10:00,EDT,Nuclear,4396.0
05/15/2016 21:10:00,EDT,Other Fossil Fuels,131.0
05/15/2016 21:10:00,EDT,Other Renewables,302.0
05/15/2016 21:10:00,EDT,Wind,1137.0
05/15/2016 21:10:00,EDT,Hydro,4074.0
05/15/2016 21:15:00,EDT,Dual Fuel,3662.0
05/15/2016 21:15:00,EDT,Natural Gas,2335.0
05/15/2016 21:15:00,EDT,Nuclear,4397.0
05/15/2016 21:15:00,EDT,Other Fossil Fuels,131.0
05/15/2016 21:15:00,EDT,Other Renewables,303.0
05/15/2016 21:15:00,EDT,Wind,1112.0
05/15/2016 21:15:00,EDT,Hydro,4080.0
05/15/2016 21:20:00,EDT,Dual Fuel,3628.0
05/15/2016 21:20:00,EDT,Natural Gas,2343.0
05/15/2016 21:20:00,EDT,Nuclear,4398.0
05/15/2016 21:20:00,EDT,Other Fossil Fuels,130.0
05/15/2016 21:20:00,EDT,Other Renewables,302.0
05/15/2016 21:20:00,EDT,Wind,1088.0
05/15/2016 21:20:00,EDT,Hydro,4087.0
05/15/2016 21:25:00,EDT,Dual Fuel,3612.0
05/15/2016 21:25:00,EDT,Natural Gas,2340.0
05/15/2016 21:25:00,EDT,Nuclear,4396.0
05/15/2016 21:25:00,EDT,Other Fossil Fuels,131.0
05/15/2016 21:25:00,EDT,Other Renewables,302.0
05/15/2016 21:25:00,EDT,Wind,1082.0
05/15/2016 21:25:00,EDT,Hydro,4080.0
05/15/2016 21:30:00,EDT,Dual Fuel,3579.0
05/15/2016 21:30:00,EDT,Natural Gas,2331.0
05/15/2016 21:30:00,EDT,Nuclear,4397.0
05/15/2016 21:30:00,EDT,Other Fossil Fuels,131.0
05/15/2016 21:30:00,EDT,Other Renewables,300.0
05/15/2016 21:30:00,EDT,Wind,1090.0
05/15/2016 21:30:00,EDT,Hydro,4085.0
05/15/2016 21:35:00,EDT,Dual Fuel,3546.0
05/15/2016 21:35:00,EDT,Natural Gas,2330.0
05/15/2016 21:35:00,EDT,Nuclear,4396.0
05/15/2016 21:35:00,EDT,Other Fossil Fuels,131.0
05/15/2016 21:35:00,EDT,Other Renewables,307.0
05/15/2016 21:35:00,EDT,Wind,1113.0
05/15/2016 21:35:00,EDT,Hydro,4083.0
05/15/2016 21:40:00,EDT,Dual Fuel,3487.0
05/15/2016 21:40:00,EDT,Natural Gas,2313.0
05/15/2016 21:40:00,EDT,Nuclear,4398.0
05/15/2016 21:40:00,EDT,Other Fossil Fuels,131.0
05/15/2016 21:40:00,EDT,Other Renewables,304.0
05/15/2016 21:40:00,EDT,Wind,1119.0
05/15/2016 21:40:00,EDT,Hydro,4073.0
05/15/2016 21:45:00,EDT,Dual Fuel,3457.0
05/15/2016 21:45:00,EDT,Natural Gas,2275.0
05/15/2016 21:45:00,EDT,Nuclear,4396.0
05/15/2016 21:45:00,EDT,Other Fossil Fuels,131.0
05/15/2016 21:45:00,EDT,Other Renewables,299.0
05/15/2016 21:45:00,EDT,Wind,1105.0
05/15/2016 21:45:00,EDT,Hydro,4084.0
05/15/2016 21:50:00,EDT,Dual Fuel,3468.0
05/15/2016 21:50:00,EDT,Natural Gas,2265.0
05/15/2016 21:50:00,EDT,Nuclear,4399.0
05/15/2016 21:50:00,EDT,Other Fossil Fuels,131.0
05/15/2016 21:50:00,EDT,Other Renewables,305.0
05/15/2016 21:50:00,EDT,Wind,1081.0
05/15/2016 21:50:00,EDT,Hydro,4079.0
05/15/2016 21:55:00,EDT,Dual Fuel,3403.0
05/15/2016 21:55:00,EDT,Natural Gas,2253.0
05/15/2016 21:55:00,EDT,Nuclear,4398.0
05/15/2016 21:55:00,EDT,Other Fossil Fuels,131.0
05/15/2016 21:55:00,EDT,Other Renewables,305.0
05/15/2016 21:55:00,EDT,Wind,1041.0
05/15/2016 21:55:00,EDT,Hydro,4082.0
05/15/2016 22:00:00,EDT,Dual Fuel,3367.0
05/15/2016 22:00:00,EDT,Natural Gas,2229.0
05/15/2016 22:00:00,EDT,Nuclear,4399.0
05/15/2016 22:00:00,EDT,Other Fossil Fuels,131.0
05/15/2016 22:00:00,EDT,Other Renewables,305.0
05/15/2016 22:00:00,EDT,Wind,1029.0
05/15/2016 22:00:00,EDT,Hydro,4054.0
05/15/2016 22:05:00,EDT,Dual Fuel,3329.0
05/15/2016 22:05:00,EDT,Natural Gas,2137.0
05/15/2016 22:05:00,EDT,Nuclear,4398.0
05/15/2016 22:05:00,EDT,Other Fossil Fuels,131.0
05/15/2016 22:05:00,EDT,Other Renewables,302.0
05/15/2016 22:05:00,EDT,Wind,1021.0
05/15/2016 22:05:00,EDT,Hydro,3924.0
05/15/2016 22:10:00,EDT,Dual Fuel,3325.0
05/15/2016 22:10:00,EDT,Natural Gas,2001.0
05/15/2016 22:10:00,EDT,Nuclear,4399.0
05/15/2016 22:10:00,EDT,Other Fossil Fuels,131.0
05/15/2016 22:10:00,EDT,Other Renewables,306.0
05/15/2016 22:10:00,EDT,Wind,1019.0
05/15/2016 22:10:00,EDT,Hydro,3890.0
05/15/2016 22:15:00,EDT,Dual Fuel,3384.0
05/15/2016 22:15:00,EDT,Natural Gas,1856.0
05/15/2016 22:15:00,EDT,Nuclear,4398.0
05/15/2016 22:15:00,EDT,Other Fossil Fuels,131.0
05/15/2016 22:15:00,EDT,Other Renewables,306.0
05/15/2016 22:15:00,EDT,Wind,1023.0
05/15/2016 22:15:00,EDT,Hydro,3851.0
05/15/2016 22:20:00,EDT,Dual Fuel,3410.0
05/15/2016 22:20:00,EDT,Natural Gas,1810.0
05/15/2016 22:20:00,EDT,Nuclear,4398.0
05/15/2016 22:20:00,EDT,Other Fossil Fuels,131.0
05/15/2016 22:20:00,EDT,Other Renewables,300.0
05/15/2016 22:20:00,EDT,Wind,1021.0
05/15/2016 22:20:00,EDT,Hydro,3832.0
05/15/2016 22:25:00,EDT,Dual Fuel,3401.0
05/15/2016 22:25:00,EDT,Natural Gas,1782.0
05/15/2016 22:25:00,EDT,Nuclear,4397.0
05/15/2016 22:25:00,EDT,Other Fossil Fuels,131.0
05/15/2016 22:25:00,EDT,Other Renewables,302.0
05/15/2016 22:25:00,EDT,Wind,1017.0
05/15/2016 22:25:00,EDT,Hydro,3779.0
05/15/2016 22:30:00,EDT,Dual Fuel,3381.0
05/15/2016 22:30:00,EDT,Natural Gas,1761.0
05/15/2016 22:30:00,EDT,Nuclear,4398.0
05/15/2016 22:30:00,EDT,Other Fossil Fuels,131.0
05/15/2016 22:30:00,EDT,Other Renewables,301.0
05/15/2016 22:30:00,EDT,Wind,992.0
05/15/2016 22:30:00,EDT,Hydro,3744.0
05/15/2016 22:35:00,EDT,Dual Fuel,3348.0
05/15/2016 22:35:00,EDT,Natural Gas,1738.0
05/15/2016 22:35:00,EDT,Nuclear,4400.0
05/15/2016 22:35:00,EDT,Other Fossil Fuels,131.0
05/15/2016 22:35:00,EDT,Other Renewables,299.0
05/15/2016 22:35:00,EDT,Wind,971.0
05/15/2016 22:35:00,EDT,Hydro,3735.0
05/15/2016 22:40:00,EDT,Dual Fuel,3302.0
05/15/2016 22:40:00,EDT,Natural Gas,1706.0
05/15/2016 22:40:00,EDT,Nuclear,4398.0
05/15/2016 22:40:00,EDT,Other Fossil Fuels,131.0
05/15/2016 22:40:00,EDT,Other Renewables,298.0
05/15/2016 22:40:00,EDT,Wind,946.0
05/15/2016 22:40:00,EDT,Hydro,3726.0
05/15/2016 22:45:00,EDT,Dual Fuel,3213.0
05/15/2016 22:45:00,EDT,Natural Gas,1676.0
05/15/2016 22:45:00,EDT,Nuclear,4395.0
05/15/2016 22:45:00,EDT,Other Fossil Fuels,131.0
05/15/2016 22:45:00,EDT,Other Renewables,298.0
05/15/2016 22:45:00,EDT,Wind,927.0
05/15/2016 22:45:00,EDT,Hydro,3714.0
05/15/2016 22:50:00,EDT,Dual Fuel,3185.0
05/15/2016 22:50:00,EDT,Natural Gas,1672.0
05/15/2016 22:50:00,EDT,Nuclear,4398.0
05/15/2016 22:50:00,EDT,Other Fossil Fuels,131.0
05/15/2016 22:50:00,EDT,Other Renewables,297.0
05/15/2016 22:50:00,EDT,Wind,927.0
05/15/2016 22:50:00,EDT,Hydro,3729.0
05/15/2016 22:55:00,EDT,Dual Fuel,3162.0
05/15/2016 22:55:00,EDT,Natural Gas,1660.0
05/15/2016 22:55:00,EDT,Nuclear,4398.0
05/15/2016 22:55:00,EDT,Other Fossil Fuels,102.0
05/15/2016 22:55:00,EDT,Other Renewables,296.0
05/15/2016 22:55:00,EDT,Wind,943.0
05/15/2016 22:55:00,EDT,Hydro,3730.0
05/15/2016 23:00:00,EDT,Dual Fuel,3118.0
05/15/2016 23:00:00,EDT,Natural Gas,1653.0
05/15/2016 23:00:00,EDT,Nuclear,4398.0
05/15/2016 23:00:00,EDT,Other Fossil Fuels,78.0
05/15/2016 23:00:00,EDT,Other Renewables,301.0
05/15/2016 23:00:00,EDT,Wind,952.0
05/15/2016 23:00:00,EDT,Hydro,3710.0
05/15/2016 23:05:00,EDT,Dual Fuel,3062.0
05/15/2016 23:05:00,EDT,Natural Gas,1676.0
05/15/2016 23:05:00,EDT,Nuclear,4397.0
05/15/2016 23:05:00,EDT,Other Fossil Fuels,78.0
05/15/2016 23:05:00,EDT,Other Renewables,299.0
05/15/2016 23:05:00,EDT,Wind,967.0
05/15/2016 23:05:00,EDT,Hydro,3704.0
05/15/2016 23:10:00,EDT,Dual Fuel,2980.0
05/15/2016 23:10:00,EDT,Natural Gas,1669.0
05/15/2016 23:10:00,EDT,Nuclear,4399.0
05/15/2016 23:10:00,EDT,Other Fossil Fuels,78.0
05/15/2016 23:10:00,EDT,Other Renewables,299.0
05/15/2016 23:10:00,EDT,Wind,980.0
05/15/2016 23:10:00,EDT,Hydro,3687.0
05/15/2016 23:15:00,EDT,Dual Fuel,2921.0
05/15/2016 23:15:00,EDT,Natural Gas,1659.0
05/15/2016 23:15:00,EDT,Nuclear,4398.0
05/15/2016 23:15:00,EDT,Other Fossil Fuels,78.0
05/15/2016 23:15:00,EDT,Other Renewables,302.0
05/15/2016 23:15:00,EDT,Wind,992.0
05/15/2016 23:15:00,EDT,Hydro,3672.0
05/15/2016 23:20:00,EDT,Dual Fuel,2926.0
05/15/2016 23:20:00,EDT,Natural Gas,1628.0
05/15/2016 23:20:00,EDT,Nuclear,4397.0
05/15/2016 23:20:00,EDT,Other Fossil Fuels,78.0
05/15/2016 23:20:00,EDT,Other Renewables,301.0
05/15/2016 23:20:00,EDT,Wind,1019.0
05/15/2016 23:20:00,EDT,Hydro,3664.0
05/15/2016 23:25:00,EDT,Dual Fuel,2900.0
05/15/2016 23:25:00,EDT,Natural Gas,1594.0
05/15/2016 23:25:00,EDT,Nuclear,4399.0
05/15/2016 23:25:00,EDT,Other Fossil Fuels,79.0
05/15/2016 23:25:00,EDT,Other Renewables,299.0
05/15/2016 23:25:00,EDT,Wind,1038.0
05/15/2016 23:25:00,EDT,Hydro,3621.0
05/15/2016 23:30:00,EDT,Dual Fuel,2882.0
05/15/2016 23:30:00,EDT,Natural Gas,1593.0
05/15/2016 23:30:00,EDT,Nuclear,4395.0
05/15/2016 23:30:00,EDT,Other Fossil Fuels,78.0
05/15/2016 23:30:00,EDT,Other Renewables,302.0
05/15/2016 23:30:00,EDT,Wind,1054.0
05/15/2016 23:30:00,EDT,Hydro,3564.0
05/15/2016 23:35:00,EDT,Dual Fuel,2869.0
05/15/2016 23:35:00,EDT,Natural Gas,1595.0
05/15/2016 23:35:00,EDT,Nuclear,4395.0
05/15/2016 23:35:00,EDT,Other Fossil Fuels,78.0
05/15/2016 23:35:00,EDT,Other Renewables,304.0
05/15/2016 23:35:00,EDT,Wind,1048.0
05/15/2016 23:35:00,EDT,Hydro,3498.0
05/15/2016 23:40:00,EDT,Dual Fuel,2864.0
05/15/2016 23:40:00,EDT,Natural Gas,1596.0
05/15/2016 23:40:00,EDT,Nuclear,4398.0
05/15/2016 23:40:00,EDT,Other Fossil Fuels,78.0
05/15/2016 23:40:00,EDT,Other Renewables,303.0
05/15/2016 23:40:00,EDT,Wind,1045.0
05/15/2016 23:40:00,EDT,Hydro,3469.0
05/15/2016 23:45:00,EDT,Dual Fuel,2838.0
05/15/2016 23:45:00,EDT,Natural Gas,1584.0
05/15/2016 23:45:00,EDT,Nuclear,4397.0
05/15/2016 23:45:00,EDT,Other Fossil Fuels,78.0
05/15/2016 23:45:00,EDT,Other Renewables,301.0
05/15/2016 23:45:00,EDT,Wind,1027.0
05/15/2016 23:45:00,EDT,Hydro,3397.0
05/15/2016 23:50:00,EDT,Dual Fuel,2829.0
05/15/2016 23:50:00,EDT,Natural Gas,1590.0
05/15/2016 23:50:00,EDT,Nuclear,4396.0
05/15/2016 23:50:00,EDT,Other Fossil Fuels,79.0
05/15/2016 23:50:00,EDT,Other Renewables,300.0
05/15/2016 23:50:00,EDT,Wind,1009.0
05/15/2016 23:50:00,EDT,Hydro,3350.0
05/15/2016 23:55:00,EDT,Dual Fuel,2824.0
05/15/2016 23:55:00,EDT,Natural Gas,1574.0
05/15/2016 23:55:00,EDT,Nuclear,4400.0
05/15/2016 23:55:00,EDT,Other Fossil Fuels,78.0
05/15/2016 23:55:00,EDT,Other Renewables,302.0
05/15/2016 23:55:00,EDT,Wind,991.0
05/15/2016 23:55:00,EDT,Hydro,3305.0
